Date,Commit,LOC
2015-09-07 03:43:00,27c0bfb8de331602db7d2e1f7e28af02ce25d56f,8673
2015-09-07 03:48:05,d79b57c2e19fd7b30641c8858fbdd1446b91dc60,8684
2015-09-07 04:00:56,7677b7c4310a3db1e4c238b50ae2213ecb215057,8684
2015-09-07 04:16:54,d96b2b7946df224602ca1672f0444f990a11f16c,8714
2015-09-07 04:18:40,ddab0cc922c2ab412e2eb91cf6e3883edff0c57b,8714
2015-09-07 04:24:28,3c5efa016093d41804c18fdb28e3cc4869b655f7,8755
2015-09-07 04:30:28,a75fa567312cccd5642a6dcceaa10062ce032f0b,8795
2015-09-07 04:35:55,ffc7d6411f4f9b8400ab39338e84566a756efb2e,8934
2015-09-07 04:41:18,7acb6d9103c4c0fbdc4e0ff12d18920f61deec8d,8934
2015-09-07 04:50:31,d90dfffb31090ccfd688ac44c772d0047c288245,9063
2015-09-07 04:53:32,0fe38c9661cde1497fcb91b53495159249eceff0,9063
2015-09-08 02:45:10,e59c5be77a5a0191f9f76bcbb47b62227b00a1ec,9107
2015-09-08 03:14:23,c6d5bc7c4ee3dafa265ea56ea3b67ce885bbc237,9331
2015-09-08 03:25:38,0438f0bd6d637465ddad8d0e7888bbdcf50bb817,9382
2015-09-08 03:45:59,1f6be8d7bb5ef0e0b590fe0502b3397fd6f75b16,9457
2015-09-09 03:59:43,ec316663d00c1e5fc89f0e366dffed11d6306f41,9497
2015-09-09 04:49:57,4f53e5f8d2442accd3a28654725666672de8b3bf,9707
2015-09-09 05:03:44,070e09900d067f4687e942ac8403544586eafb64,9765
2015-09-11 04:28:59,fb136ac084896f7bd606f6c9d9fddff132b93e08,9997
2015-09-11 04:33:21,cd6de11f8eb4e1526abaa9774f9791aa43a62e24,10000
2015-09-13 16:24:56,91c6c55478c8955289bb32309764ad3448feb5a0,10000
2015-09-13 16:51:41,3ccf8db175669a7022ba828f4f6e929654bc2cb8,10000
2015-09-13 18:48:07,24d478d8933983a85a14f0209505e87aba21924f,10000
2015-09-13 19:26:49,2c69832f3db6e7693e8d016f09f9489cf97c6b9c,10002
2015-09-13 19:34:34,368b5dc4a29e07b3168db6b7af825c16b1d30013,10000
2015-09-13 21:37:30,0264080f53a20b3c4ae1b67b8f128c5a5142ee5f,10002
2015-09-13 21:40:26,cb0b4d5d158ae095e9d33c90257e253700fd1a88,10002
2015-09-14 00:56:34,500e81d854b5da8e04a209b3e27081429c6bdcc0,10002
2015-09-14 01:14:01,0dffa7d7c9dda56e96c91bc38803e8aec4b3ece6,10054
2015-09-14 01:44:49,f5031e63bae931b21c00de489e71bfed3f3e3157,10117
2015-09-14 01:57:07,40469d072ad1e00531558f5779846ef10435d0eb,10157
2015-09-14 01:57:35,aada2dcef50af6e218d1763eeef9b7a5bfacced2,10173
2015-09-19 16:12:59,726992fb91a778e1ec26ac1ee5602cd826d95cfe,10001
2015-09-19 16:16:09,831ef459d3fe238d62934bbc285ed75370e7f008,10174
2015-09-25 16:55:45,45789860daea8a725e9176b5aa581d0628abe1a7,10176
2015-09-25 17:12:31,6dc3faec3944dddb97bdd78dd33de4f9fd371779,10233
2015-09-25 17:20:26,c669308539144ee4be297ead0d50e9433fc1dd90,10432
2015-09-25 17:28:45,8a4012ceb4dd5b18926144c6040da16e578bcfdf,10435
2015-09-25 17:35:33,c1ace864c70e7ace85116d54992fb42cc27b6468,10470
2015-09-25 17:58:31,6f51c91e60efb8c61b23834231165a709c27e08e,10558
2015-09-25 18:11:02,60907f442669051c2edd5b316eee151eb24399cc,10607
2015-09-25 18:44:10,195a6cdf60c85a7f0c334685776d395c8899b8f0,10642
2015-09-25 18:53:50,625b7484c4478132f34f917ebabc997905ed1662,10644
2015-09-27 19:24:35,caa59dfba8b7a119254cf16b16961af7d67d69f6,10647
2015-09-30 03:36:31,5f388777230dd4aeb4309ab2da5d7265f4dd076c,10668
2015-10-01 03:31:58,b710ae2196aa3e3bc88b3c3760abdb97a9bc11ca,10669
2015-10-02 04:20:33,9dcff8fa5848d7cffb776e9006b58cd7da3be2d7,10681
2015-10-06 03:48:06,59936575f0019b2d6f352c7f9bd284417cc10fa9,10683
2015-10-08 03:24:15,a20608f0d8e25eae017e7c76ef302f13596884df,10694
2015-10-08 03:29:23,cfcaf0515b59572483c17383c4d8717d5766796d,10695
2015-10-09 17:46:24,19ba74bd4674ace1ea17d678d31efbdf3051eff1,10730
2015-10-12 02:12:05,2c2bd41fdff1f18985f2d9873c105808c03c6fd1,10738
2015-10-12 02:18:18,ef57cf8db53149a19b62d5ff158d9f0131026404,10745
2015-10-22 04:40:24,2d85a6e26be45ea2bc03e9ad1a423fa97048f187,10751
2015-10-24 01:48:08,84dddc7db1395e921677295ab2b72ec6ef2c97dd,10754
2015-10-24 16:31:22,7dcf29066a9ca8341d055c2deff7899d72e17e88,10754
2015-10-31 23:05:45,2fccea0343c10ed3c87584ac3af5a8079b7d4722,10755
2015-11-01 16:03:34,1604cfa1ddf94a4e7bc85949b5486d2525bdd856,10759
2015-11-01 16:20:29,5f4ceb04175b352bf04836df8c9c62ba2be7cf5e,10764
2015-11-04 04:44:12,5bf6d81bbe2a37f7b787150d72d9fbbe153324bc,10765
2015-11-04 04:50:30,121cc5e7b19de5eb2128f3b2e96ffa3c32969f59,10781
2015-11-04 07:16:41,c2b3e2e700a670c4dcdcdf5c3eedbdcffb8f5263,10781
2015-11-05 06:20:06,44d7995ed78e941750884aeba94d22ffb80204b4,10781
2015-11-06 04:55:15,9cd3e487850a1254d1baeb0062c8f7d3d35389c8,10780
2015-11-06 04:57:40,fe1e88962de5274c18ff40e5c63aab25d5d92b81,10780
2015-11-06 05:15:31,ac7d800a805f1aa5a65b4cd92ebb1a507206c994,10789
2015-11-06 06:59:10,a15d38e15ed942b8234988f3d0391d8851e31300,10843
2015-11-09 22:11:31,a1b4082e685155fb4858c1a4d6bb8fd1a44efe8d,10790
2015-11-10 03:57:41,fb2a037a0b20837fa16b20c05645363634aa37b0,10790
2015-11-10 04:00:51,4571456133bc4ace1f06d0ccdb09828e18bc12c7,10844
2015-11-15 01:33:50,23f245b99dd1f78c12f0852f648e8eb0acf1946a,10844
2015-11-15 02:11:01,68b47d98b1ea75c6118113715dfdce448ee59619,10866
2015-11-16 04:34:23,88f71e76dbd97ee05985e39798cca3afd463d504,10877
2015-11-17 10:28:56,5f0c3ba379c02688a76fbfe3da26e30aa96eb983,10885
2015-11-18 04:15:40,86c075779d1178ac2e8948963860dcda16e83636,10885
2015-11-21 10:17:34,59a6f618dc716561778564a88baef22fdb878ab8,10891
2015-11-21 19:01:48,3fe2ea3b9d9f3a992d838d478c329afc843eac2f,10891
2015-11-24 23:20:03,c012198345cb16df4cbbe4534c1ac8df7511e31f,10896
2015-11-25 15:59:53,a07927a6186f472bf58c772f3bb6a355fb3cd02b,10896
2015-11-26 23:22:48,8dead482466c2ec68d0cf7b8f942cb09f6d3cec8,10899
2015-11-27 05:45:42,f422a6b4e1de7bfc437c99c23b2c7044bc633319,10904
2015-12-04 18:05:24,157c37071b985623501a53175422bf663f3ee2ad,10912
2015-12-06 19:43:46,914f775b99f35e13b8d44d27c9e553c4ec0b4a03,10922
2015-12-08 06:33:03,c8480fc6435c075a601b6c95cc4222a84e113999,10912
2015-12-09 04:52:10,528f74df4c66c84cf2f2d0a8ec04af6da7764953,10912
2015-12-09 04:54:01,3beeac04db85abae48588827a2ff358ff1ff7139,10912
2015-12-09 04:55:09,9658513df4dabf43e990acaa8a126c933c9ecee2,10922
2015-12-09 04:57:33,a46d689dcb9c285163f5db3ecb5dece27924e4d7,10881
2015-12-09 05:05:49,d9ec749a2615fdd79c11ebcaac23c01a22941194,10879
2015-12-10 05:07:15,fd112e3f9dd536ac4dc85ca5c63820b0b627ab8e,10912
2015-12-10 05:09:51,29aa8b85256c520656c2be58d00f9031719114f3,10912
2015-12-18 18:36:16,208bc49d7eb05428fae044c4b990bbfc1a06f194,10917
2015-12-18 19:03:09,333eecf5385e875561c559ca39c258eae1c1af3c,10879
2015-12-18 19:21:23,e614606e140ab478984cefbadfdbf59064be2278,10884
2015-12-19 00:24:22,7360c6d5c36675aea02ad698763f16328faaa635,10929
2016-01-03 04:16:54,4e8a0cf27b145d124c439e7f823e1779bf1f9b67,10929
2016-01-03 04:36:42,cb08ee3e779b4a313d2cb89f62ec78248cdd2799,10889
2016-01-03 04:45:50,cd9e5c537798cb680bc03c0de8f166191be23ce4,10939
2016-01-03 04:50:18,edf467f0bfbc8f092a9b49d3c91ff69ce36147a9,10945
2016-01-03 04:57:43,66294de48700b844390bbc23d75004aa92a2b732,10953
2016-01-03 05:06:11,1f748a149d7c9e6413b220ea093748cbbd5b97ab,10958
2016-01-15 17:01:28,80754af47360b612761479a9554c0174b4f8486a,10968
2016-01-15 19:04:02,dd7c6cf88d026422d436ff8c952985b5e8815c20,11000
2016-01-15 19:20:41,0682cdea3efca0d7b5512385f20eb139962c6be2,11003
2016-01-15 22:05:06,7ccd749e18fd4e81ba799bc83ddd5856ff4e69a8,11005
2016-01-15 23:14:37,8100953b020050c183e873c119fdecd94e7fa8ba,11105
2016-01-16 01:00:06,c45269216c3728833a3b221f25d6eaaf43aaa75a,11105
2016-01-16 01:15:11,7a6ea7648167e37d11b454eaf8a666d1f1b34e15,11115
2016-01-16 01:23:23,c623575b968513db725775b8edc8a6860b66d871,11132
2016-01-16 01:28:04,c29da0537cdc1dfccf5c26e08de6177ddc5f178f,11134
2016-01-17 01:39:35,600c4822a5c22c7aa19bb153a5344e0a5d122b61,11138
2016-01-17 01:43:15,b9869246aeb55366b555f9015d48e96e793011f8,11138
2016-01-21 17:24:38,8d1cdb941eefef5e7185965f0988b548de007c1e,11138
2016-01-22 04:22:44,20388016d2c3f4bb928006ac2e95c96c7adbb4a2,11138
2016-01-22 04:24:03,c88bf9153ca7e858d5ec91fb6f8bdcbfdec8c55b,11138
2016-01-22 04:25:11,963ce819b5790b7a95a8fbe3b0929e397de1ab7a,11138
2016-01-22 04:33:40,f5fee547cec44974d0e75379a44f28ff55353100,11145
2016-01-22 04:45:07,05ea4c47350ca0034c973af355ed7732f6fb75ae,11145
2016-01-22 04:45:53,8d6e707f4c969d21d8db94f5ddaca538c0f094dc,11145
2016-01-24 01:09:40,94426cbcb3bdb69453bb8b58caa9c9dbd9697807,11145
2016-01-24 01:52:43,7e3995dac188c85089d7998adb864cf0d43aae05,11146
2016-01-24 02:23:42,6b4628d951b6025aace6561822fde44058b94039,11146
2016-01-24 02:24:07,20606128bf9c0d2c4565dca63aa65fb895317a19,11146
2016-01-24 02:24:49,8c6c760da3f76725be69368e36092b578c9053af,11159
2016-01-24 02:26:15,7cba56aa2ec8e50c65df90085ae785036e6ff82e,18898
2016-01-24 05:15:54,44561d0a70c50a05ff69bba654092cc869da9a57,18899
2016-01-25 04:31:40,f09f8fb548d7bd05975c8204486cfc55727cb51d,18899
2016-01-25 04:33:46,3f096f0d7dd06dfbf51aa0bf4b2165cb140b0fff,18899
2016-01-29 17:24:16,242c795d5bfd3e521c58a4f4f73b89d7c6694dda,18914
2016-01-29 17:30:35,73e5740f52559dce4e695e6961133e6b78e70266,18914
2016-01-29 18:26:28,d9444054b9652431f328a7b5bc52fada4703a824,18933
2016-01-31 10:50:27,0c8f20601c98ce9c3114e7e9888e40dcb16058da,18933
2016-02-02 04:38:42,3464ed53f61d7b6a75a886524c2780fb9d00fdc3,18933
2016-02-17 04:04:19,cf77345f6e63c74e01d6cb1521bad9a916876a94,18938
2016-02-23 05:05:55,28af97e683ffa77df1ea892a6397c61a72f78a09,18956
2016-02-26 16:26:33,f2b3668399d401df7593d8512696902c23c43e70,18957
2016-02-26 17:07:54,55e616e95498cf60c9cea34a2f8d34fef6d5b971,19012
2016-02-26 18:29:23,9afbdd88422872021bdf3bed26bc9cb8608a4416,19055
2016-02-29 13:22:31,5a04c0a955b135d8e737317fdfa00c7a9b2e061e,19061
2016-03-01 05:09:07,c1633526548fdd37ff3ede84ddc4db415e29b460,19061
2016-03-13 20:45:55,7279e1c2af1abe63f3eb77e1bd57be4836dc47bf,19061
2016-03-14 02:59:08,8f269ad5f18be481495c0838ce9f44b0bb5c5584,19061
2016-03-17 23:49:10,48aa430b983d8c437e1121ba1a21f01a8ce65390,19069
2016-03-18 18:50:15,e0ca852fd9469a00c20550ae35f13f4fe734e69a,19076
2016-03-18 19:33:59,10ff6f3008b84f791259482013b2655de62c901b,19077
2016-03-19 23:28:22,749e53fe0dff554a7cede3ebf904391bacff4702,19077
2016-03-22 04:33:52,d55b511c6e9025ebac6a0e93c931b136c6997b3a,19081
2016-03-23 15:13:39,805ea138bc5fac7a38e6e6c53f8df90067f98c39,19082
2016-03-23 15:19:12,fd103e5e2b9f9455f3c4ea4d6dc151b6a7a18883,19082
2016-03-23 15:45:39,5d798d58423463f7542c58590f091305ed17e8a5,19082
2016-03-24 03:08:36,f9cfd1c16708d9d1452c30896b2795e81edc0453,19082
2016-03-24 03:27:02,2afc668e1cab23821f2b617d60ed10db6a61265d,19083
2016-03-24 03:30:15,4b0ffebd0382dded0424fcfdeed3e9b6b27a0d29,19083
2016-03-24 04:12:46,6bbf37cf01ac90f31882bca9c36a806680c55e6c,19098
2016-03-27 19:56:56,6a4bacfb038ad3fa54437bef6dd7f9983251ce1c,19112
2016-03-28 04:13:13,a52ebc018a158afae3b0b72489e5b3925b345eb0,19112
2016-03-31 03:45:01,dc743e91eea731df3d013225741f5ef1fa0fcd96,19119
2016-04-03 03:02:08,1e18dd7eb11f0a8abac632ee6695c451ecbc07e1,19118
2016-04-03 03:25:41,12a83419117512588b38cde06e8e0bb489d36ad4,19123
2016-04-11 01:08:57,01784caf236cfa7ea038d5d1b8c5ee2c76c9e0c4,19139
2016-04-13 03:20:59,2a6dec58b1b3a88734f43ece31be65b4c3761b0c,19148
2016-04-13 03:22:59,f50e56448454eec50e36a93b3250c372eca9eb12,19148
2016-04-13 03:47:32,af1a630d8f93c9c843a0a04887fbf9f5cc59b74c,19161
2016-04-14 03:50:35,3c72897075ff8cb4ace969cdac57586e137d8f84,19164
2016-04-16 15:55:18,23d5927ae18d48eb18f521c42f6c3618aec15620,19165
2016-04-16 15:57:16,8589b238f4c8f2e433d160e8d32ded97e3033973,19165
2016-04-16 16:23:02,218ca99247dd70451266f7e9df7aeb8543f4fb7b,19171
2016-04-16 16:58:54,a9247ade47c12b5f1331e331868cc6c72045e4c9,19194
2016-04-16 17:38:39,a3a1f7b9a65d02a82f450779770f9d0fa8e5849a,19235
2016-04-17 03:48:11,db3fc6dde15610919a3b78edd831a4be6b36a806,19237
2016-04-17 03:49:02,0ec7fb2417e1e6b73b45c328f1c70c144ae4d7e1,24214
2016-04-17 04:57:52,fc97638fb35b5889e410554abae03b828fb3bfb1,26164
2016-04-20 03:36:08,8259e53c815ea7d0e6a0f782a96c5f17c6123c8f,26167
2016-04-22 15:40:27,9b9d6de21b673fa0afb40a399b3650d1f23bf311,26195
2016-04-22 17:16:36,7b945a32ffa8b130d292deb4f1a7bcc7c7857e7e,26197
2016-04-22 17:34:42,6a38f1000ac74fbb7793374b7e8b860e558dedb2,26200
2016-04-23 14:40:19,dc3bb964173704465c6ce2d9e4561944daa7d930,26202
2016-04-23 14:41:48,6e405aa39728519cb49a140e5ed6db3c6d101f02,26251
2016-04-30 16:46:58,799c57f5d7434a77dbc588af448ccabaca95e3f2,26252
2016-04-30 19:13:13,1f1a6acc9e511db5268c3bef09db03d04365733d,26252
2016-04-30 22:20:47,a20f4cc1e8d76237788521f51a017fbd76941b2a,26261
2016-04-30 22:29:47,4351aa48b3517a3a7608b83ee34e523a77c8ff0c,26287
2016-04-30 22:30:57,61db240c7e4996fdddeb636a410248ae96b0a612,26331
2016-04-30 22:39:49,81cf8781cb85edcc9bd492c33377df04e7c2d85e,26375
2016-05-04 03:02:59,9caad3a4d82c2e84272452a826a4f16432b76751,26412
2016-05-20 21:57:09,b7c553a02681a161751bca6d366cbcb8d5dce270,26416
2016-05-20 22:36:02,6244d488b63d606ae96f9f483c7e4eae23ecc27a,26422
2016-05-20 22:38:41,17e9e0518345f3c29822e5df97df3e159d981c15,26422
2016-05-20 22:52:11,57f26a370d218a2353196e10409e6750850dbc50,26572
2016-05-20 23:06:54,4a4ffa49821bac1986e7d9b10b95a160eb979de8,26585
2016-05-20 23:11:27,34f117e3b82f3d655c0798c2c940f010637f9b1d,26591
2016-05-26 15:46:26,4c0d9bcc067cbe006995e80827a399df4687f6fe,26592
2016-05-27 03:07:08,478885039669233b9bd0f190081218a035fb9268,26592
2016-05-29 15:44:21,1c6549596831864acba288a3ebc5c8ba5eedcd1f,26593
2016-06-01 03:14:38,a460c519218f6917968d697ada608b08078fd516,26593
2016-06-01 16:32:45,d2915fc2de62b794b5e0475a017ff0a5dd5bf331,26593
2016-06-02 01:41:37,fef34e873b6610279dd663fc63b0c51d59b8203b,26593
2016-06-02 01:49:41,1748ca49aa1c224cbb1fba73aff93bf77dd254f3,26682
2016-06-02 02:51:24,bd4f1dfc1b8d266a09550bb423852e999616f74a,26682
2016-06-03 17:17:42,b21f6426a88fc74fee82d4462d11fa0437d2d728,26709
2016-06-03 17:41:21,29c93c993ad7348a1f83f90363357c4928b78fdf,27098
2016-06-03 18:26:18,135a3cbf7a35f22bf127bac08da90cd250de15b4,27098
2016-06-03 18:31:19,f7029131b4b0570b443792cccd45dd001cad92db,27104
2016-06-03 19:03:48,473e40b28bd01989ceb4d0b1329c7bc319ed12eb,27104
2016-06-03 19:10:18,be321814b0d7fc8110110de090405d8bc993bd48,27107
2016-06-07 04:10:13,7d949c66e71f08a0133e8c726603dbdb8928333a,27107
2016-06-07 04:18:10,181d792dae94796937fe7e81e8cb5049918fd0a4,27161
2016-06-08 01:47:16,6d41b754b197916165e2db97bc85f9bf32f4b8ae,27219
2016-06-08 04:03:43,98ee40fe6c992629e4058fcacfa867ba40e61bce,27219
2016-06-09 03:52:35,6a13b869c2d7e6f25e3103f7718e84617c8f52dd,27218
2016-06-12 03:13:50,a2a399d84f7ecf77149454b506eba39c0be897dc,27239
2016-06-12 03:21:16,fa06496ef96ce90e7de145e975450dc24de18e39,27236
2016-06-12 03:35:51,2ade51620083074fc9e7e7758a3e9e65cdc7eac7,27234
2016-06-15 07:57:24,14b56f283b9480a70d9c7ff294800ef8a333f803,27234
2016-06-15 13:50:48,9bb070a6b0e3ca8f06c3a5d01a7c22fec95fda09,27234
2016-06-18 01:09:46,e2adbd8e503c8d9338062beccdd1eba8594efb3d,27234
2016-06-18 01:21:24,a36f902744e5eebb22f6c37c09d1421d65970002,27234
2016-06-18 01:43:16,c79bf4fe1a80f9b33e5a01f58176bafa87e03650,27422
2016-06-23 03:30:52,631f115ed6d091f810f3e43bdb664c07f4447f2f,27502
2016-06-23 03:46:16,142c10baf3f13a6031b4273faf65bd6984009859,27506
2016-06-23 22:42:36,1b920b04502688178db2841b14f3b7230b8e4901,27506
2016-06-23 22:49:24,3111269abc6f31dfd1ccfa1d401bfbac8b14b07b,27502
2016-06-23 22:53:48,e6643fedfb1c34ca2bcfdf8dbd82efad5192827d,27501
2016-07-01 16:04:23,05e34a7081da58d63df773a9452fc715afa72e0d,27501
2016-07-01 16:20:23,7f5ad605748a95ad00e9e3bf041572d774f34d60,27501
2016-07-01 17:51:40,56c3827cb3c0199e27256756a1b6d75aaf20df2e,27560
2016-07-04 22:35:38,04576e2768ce332b840109a93a4750eb5eb847bf,27827
2016-07-04 22:37:24,c480b11bfd75c3536440e6e37f18332b1ac6cd12,27847
2016-07-09 00:30:13,4724211ce939e46cf1810237b1c48248ea7e5d77,27879
2016-07-09 15:32:04,2d9ec60e9e5e941c37b8a892288dcea89f205aa8,27879
2016-07-09 15:38:50,09a7cbeac1c6ab79196dea9283e4bd927af9da42,27878
2016-07-14 16:09:30,8b1bb7600f9102d843fbe0ada0dc72d52d953ece,27877
2016-07-15 16:08:14,ee4c69caa00e4c780ac04aec9858962d482939e1,27877
2016-07-15 17:57:00,a9ac6727a8267f4c4e6404a94f2b018f00ca397f,27878
2016-07-15 18:40:27,7a315e1bc81e06121e651171da184ffde910c6bd,27878
2016-07-15 18:53:49,04e9eb55cc6d2bfb7cb0dbafcdedabda96cfeab2,28098
2016-07-15 18:54:57,3168674e78ff795acc25e174b9b362a408ec53d6,28098
2016-07-15 19:22:16,ed02929703f858600e12c9f1606fca8111308679,28178
2016-07-15 19:25:31,5fabe03dc908a306b510d173216f2f808022b98c,28179
2016-07-15 23:53:12,ee428cc7674dc8bff95de275d3f7acccc64e5137,28247
2016-07-18 03:52:21,33b77cf98ccf930e8d3fa8d7e1b7361cc2813689,28309
2016-07-18 04:05:02,a5eb6e18f518109bbeb5904c46bff99bb04078d0,28365
2016-07-19 03:39:50,9d20d26d11b97a40786f0a11a686fe1e3a9e0b2a,28482
2016-07-24 17:23:06,825c15c0ebf038e4457a20176a82313d31510aad,28695
2016-07-29 17:23:41,1b0d3e76ae3797bf908a3e6529d911521858e770,28100
2016-07-29 17:44:44,a2c0a58c7d34c74ce95d933ff66e6b01fe02d109,28918
2016-08-03 14:38:04,ab68482d5fdb86d7422917f36aa7ff37f7153e58,28926
2016-08-10 02:58:04,e3e487de29706c884224875e39c545dfc553f664,28955
2016-08-26 16:37:15,a4415fbbf52365aee1c0a46d4e2ad6de9f828660,29015
2016-08-30 05:09:42,a63f59aed36c7a9cedd1f55f64cdb3ca76e032b1,29014
2016-09-15 03:42:08,16d4893e119796ce89f215148f92477cdbde1bd9,29047
2016-09-27 03:47:42,0fa4a22d8919b0f449c064bb8a8cd7632dee1bbd,29046
2016-09-27 04:40:16,52608b61f98bf9e0289c58fab9baf3138d877ae7,29137
2016-10-14 09:40:36,652c2ea7e40788c4c4e92f9c37ff804b4f9cd53d,29142
2016-10-14 10:19:35,ff22f561ad386c536ec75c505952992da5e66cd9,29176
2016-10-14 14:17:26,b43e642ad1a5e8c0ca979d0b01c73f2fdca574d6,29176
2016-10-21 17:47:24,5077cd556fbfe04dcc3c0ae3cd4f36cefb292702,29176
2016-10-22 00:52:10,568c6592ea6979b4718999e0ad23d522a6ea7276,29108
2016-10-27 21:04:17,1f3be09ef693ee740dde2149c9d8b7c7dfcce98f,29108
2016-10-28 03:46:21,fb3bba8354d5193bc46050fe451a8576d28cfb29,29108
2016-11-04 16:02:06,a9fcff1b9ccccac0331603bf55e9be00f1dc24cb,29108
2016-11-04 16:09:37,34232eb6aa7902cc52e4a1c6f4462fcb393832fa,29110
2016-11-04 16:10:40,51bc219d7fa70fdcd5d4c24edebcf94e6722aa53,29110
2016-11-04 17:09:47,b33ceb135c3f70cde71667b28e3e1600d9cdb19d,29110
2016-11-04 17:13:00,73cfb8f41974fbd473edd9df50488b76a7c372cd,29110
2016-11-04 20:09:28,c4da737ac3f90687100882f82ce773c27f14e859,29324
2016-11-04 22:03:51,e685de6286313c67eda3fd3f255c9396280bdd4b,29332
2016-11-04 22:17:03,cbf61f98c5cfddba41e6a82ea7973b3fdf35d59e,29393
2016-11-08 21:37:44,c3fbeb50086e7e0c584b00924c4a85a9d879fefb,29393
2016-11-10 03:49:31,9a6680041fe43e31d4d671829f7353e459b637fe,29393
2016-11-27 16:13:39,9338be8e816dd1b48c2903db3b08643e61a5a05b,29395
2016-11-27 16:34:29,26f8c7aec545959ed782f3fd5e379fa2f92a3c43,29437
2016-12-01 05:16:07,71bcf1caed2dfe506a389c196f44da5d95acf478,29438
2016-12-01 05:20:35,471f1304090408e1b99b807905b872ef065b9bf1,29438
2016-12-02 17:13:37,f49ed19c9fc0cad447138ca7d2fd28b4ed9e2a86,29471
2016-12-02 17:18:18,b201463bcadfa618b3f4f4fd42f6d0fba9ba7ff4,29471
2016-12-02 17:18:51,39a30b1c14fccb281dc29140ce5166e21ab1c80d,29471
2016-12-02 17:50:52,ee9f54bfea2690c6174a8d4e70d03e9677565730,29473
2016-12-02 17:54:41,931018b0ddb16bf89e92bcb8e20e8280c7d5f8df,29474
2016-12-03 14:44:55,a30cb64ac1b1c588a476bd3b8185ccb68bd8327b,29481
2016-12-06 04:46:59,a73d353532b2f0656b217d4f2e31e8791bc16c91,29475
2016-12-06 05:51:22,b712bb8ce67333a3ae2b4e8be66462971e59f1cf,29476
2016-12-12 03:47:06,c7a9d2b4011fc616a111cd4795bf55c648d6cfd9,29483
2016-12-12 03:48:44,3f7c1a93b260f38db03abcd5c685984afdeeb2bc,29476
2016-12-12 03:52:05,4d259aed80d40e718e792a73659f5986a3bf63e0,29483
2016-12-12 03:52:54,f35cec6973539ce504254bebe849a312c472a9d1,29482
2016-12-12 19:41:00,3e9740c411aa0494c3ed852bb36e509640788ff7,29647
2016-12-12 19:43:35,df582e97071e18b6a98cd82f4779d2a14a2d7c39,29648
2016-12-21 21:08:43,5d81847982b7596603849fb493bc0f0f4c2b2bb9,29566
2016-12-23 15:28:12,656ebff7b7643851f265445f5a8a075431592db7,29566
2016-12-23 15:33:29,6f52b94ca08c9bc24128a9eb4b139eaa198a731e,29566
2017-01-04 19:33:53,2c2e9ad6adf826e49afda2846a814510ebcebb81,29649
2017-01-06 04:37:24,7f2e1ad15e8089c81b7fd295c00b66f7091c52d1,29642
2017-01-06 04:53:30,7db35352fab278deefcb2a8c26423022528715fc,29535
2017-01-06 05:12:25,3fab05f69cbd0e80bbc79dc9838fd65b4777d9d2,29535
2017-01-08 02:29:46,85308fa8895afafc109c2bb3a450c98843e6bb0e,29594
2017-01-08 04:20:40,33366d4428d99b267b0124981e224fac286343d0,29609
2017-01-08 04:30:11,428b4e768dc2cb8878e59ba26f3a4f4d02f6588a,29662
2017-01-08 04:36:11,a1d4553fa8234d8cfde731f17d255fb79c7b339a,29657
2017-01-08 04:37:51,83ede00db140b137852d823fa45797ea7a19f2a6,29657
2017-01-13 22:37:00,b557f0d9d7134aee1238996bdf541a0d705e29f4,29657
2017-01-13 23:51:59,6c0594640d822867372f57e677b1c13a20dada2a,29657
2017-01-13 23:55:43,dd1092f576b9c31ce1b974f85ddcb3670ba0c1f2,29902
2017-01-14 00:11:32,f859db34f4ffc38ca6c6394242ba7d270fd77c66,29937
2017-01-14 23:24:12,5fbd4d79ab4bcfeab114e62ce98edb5a5cb603e1,29937
2017-01-17 16:08:23,fc409d0b53fd83de7ec5cb72d97cb0cb2f9ceb42,29939
2017-01-17 19:45:26,dd41c7dde1a89b613a7008d48bd98c9930984aa8,29937
2017-01-17 20:12:42,cb93852b3faf054953dc15bf4e9416f724a70fe4,29938
2017-01-18 05:12:34,53a1acccc4480e455a95c4f3c172255bf6f65f76,29939
2017-01-18 05:21:55,0966f5154ad7d870b1a3bb02ef1e2da02018ea45,29939
2017-01-18 05:23:48,cf44deb3eb2527342bfb0548a091881a48920124,29940
2017-01-18 05:26:15,fc0d67cf899135ecf0db806a4a5069a2f9f34336,29940
2017-01-27 14:23:36,714dbc297dad2b92a2a01e471ff3c2aec5d54c27,29941
2017-01-27 16:06:04,2aeb235c18735505ef101585f83755a82b394fb7,29941
2017-01-27 16:19:27,d90506b7fff69e6522137c751421e2787e046d4a,29942
2017-01-27 17:02:31,b25d4ab09ade40f8615bf29fae8415175d0317c5,30014
2017-01-29 21:13:23,d400736b28d979e5abd56df035d77d4f7d0b1129,30010
2017-01-31 04:44:41,435e25e4cc7e64a3c47defbda6795809551f8b0b,30010
2017-02-06 05:02:54,e603d097ac7c33b9f20cd5738cf001dcc633c04c,30059
2017-02-06 05:09:03,59a057812d5c2f78ed2a44843de76bb981bb2c56,30194
2017-02-07 05:03:49,91516641dda97adf78d1b9c39478c917be5ee84c,30194
2017-02-17 04:46:31,7e05d1b6a77b7bcc6f395e5e6a68451463b80160,30194
2017-02-17 05:06:40,de67b464d0bb9d206bd86c642b7e9cd20a5bb4ac,30224
2017-02-23 01:33:06,c149a11f7aa53869599cade038175abefab4403b,30224
2017-02-23 04:02:20,94f416687e6ff2a3f305a580dc2007ca26671dc8,30224
2017-02-28 00:37:11,969ce8bfefffa23e88ea4a4bba1ecf0d2c7f8332,30224
2017-02-28 03:42:43,ad43704453579ddefe96797b859d89ea9cd6c272,30224
2017-03-09 02:22:16,295b64391e09571c1b25e01bd2ce59c3feb5d889,30283
2017-03-09 02:24:19,17d242062c27dedf9346e972e29f13b30abc35e7,30283
2017-03-09 02:26:20,1fb91be9fc7e034ced54ec9fbb2b32480a6c3acb,30283
2017-03-11 11:49:07,d0b3a791b7cbb19a2bb70abc3c760580e519b2d1,30289
2017-03-13 03:25:09,21c7d65f6233225f80c6155e665a8bfc5aee0917,30289
2017-03-13 04:49:53,7ccc4b63e7e91e25b8187ec4e88722cfd7882aad,30295
2017-03-15 08:49:52,3053bfb772d173717c3d5ede70776fdbbccb32a5,30293
2017-03-16 03:14:48,ad9cf02cff0e0a2943165c78fee12737fb0dfb45,30293
2017-03-16 03:15:52,bf6772f34338882cd79838db0fc585389d4c426b,30302
2017-03-16 03:16:49,e617693e7e8fa22c6105e3c47024e72971de84df,30300
2017-03-18 03:24:00,2f4a631db30756a93246b6a0d9e816becb960439,30340
2017-03-18 03:25:15,9d3eda0d4208a768b2e13c2578a8102c98e7cd8b,30338
2017-03-21 07:06:36,3b11b511c0b9226c957ba261209830d53e527cca,30386
2017-03-24 14:59:18,283f450f03642827be875ac8420f5157eaaf9087,30386
2017-03-24 15:01:00,23b6db0898c727626b1aeada752ab20669432e23,30366
2017-04-01 14:02:36,f9c2e1862fcc40e59dec2a16fe27f8293b40144f,30424
2017-04-01 14:15:46,04da24f432d8f3d32980b15e65c719d5ce184584,30428
2017-04-10 19:23:20,8faf426c1a6f47a2da1b12a993590e7ad23a344f,30466
2017-04-13 12:10:17,ba370757f22c1ee0204297481e32d31bcf7c8123,31014
2017-04-13 12:22:13,abe9eb8e0900c86cbfff8b64ff01df48dec5363e,31064
2017-04-13 12:31:40,71a43ac55014f1ab382134f848e686536fb92a39,31110
2017-04-15 20:15:36,10a0f974b2b2b17ee10831fd7f730bbf263577a0,31117
2017-04-15 20:20:38,4b421b5dba1f05a111f470913482b6706ab43e15,31148
2017-04-15 20:20:56,5f01ad7a4d9af9c180737e063ffa36eb2c1fc520,31148
2017-04-15 20:21:07,c2cec77d09fc06a32ccc2cc3b3da0e85343c7669,31155
2017-04-27 08:17:44,5ce31c1cba601f50cd65bfc44d43b4b4caab2cde,31155
2017-04-27 09:03:44,2f2da9a8d40d6ce73e8e6d7c0b6dd0dd70fa72ae,31162
2017-04-29 02:47:09,5d6113d7e060cb8f73a5afc093049c9e0869a9e3,31162
2017-04-29 02:52:12,6f9d3001eb6f7ee94873903643f3cd2e848b732d,31206
2017-05-08 03:59:20,177c294d83df31f98708a6072ceba0725aba1e03,31242
2017-05-08 04:01:13,b0ae108a35f2cf65d300b136aec084edebdeca82,31242
2017-05-09 04:12:03,5b810da18caa5be423528175945e62d276e323dd,31247
2017-05-31 03:00:36,a6cb2fabe091e624752f89f23b29f62b2c74af52,31286
2017-06-01 20:52:06,5ed5d8f483f28ec9ac5a1974e97fba04d231ce8f,31354
2017-06-02 14:56:16,f4066ccc318f792c54b58583fb0c44a9872ad508,31354
2017-06-28 04:36:33,cd673b34d26725887ba9ba6ef804652720e1dab2,31408
2017-07-06 15:00:01,88bed74c34db278b8d1310eb6d5fe1c395dd5cef,31435
2017-07-07 04:06:40,64ecd54c2c389a62a250b2be975e963e5993c43e,31435
2017-07-14 20:22:21,9c0c296fa5f1c7d32276df0a356daecababbfb55,31472
2017-07-14 20:29:28,d846f2a30a0111e915039c2f0ee5c5a74c683f5c,31458
2017-07-14 23:35:12,cb146d671f860a8adf117cb47f5aa463efd03f2e,31458
2017-07-18 04:15:49,3e309523a5ef9b0607d6a662515167acd922f21c,31474
2017-07-18 04:30:15,c45ced9794b42158494f2e063fd62ff32505aa6d,31477
2017-07-23 21:08:32,08f70454dec99f4c0e4262f63d837037b6c22ac2,31473
2017-07-23 21:10:58,a389018b31274d1a21451219a3ce06b2345786ff,31473
2017-07-23 21:13:01,8420beaa983ba285a09503b21c002f4e7324aa12,31472
2017-07-23 22:13:04,2d19bf872e93cd1cd4efdb55b2e85ba9d2e6ab0e,31490
2017-07-24 01:50:58,6942a1e5f7e6c23538e3e1a57b8e268227e10c24,31534
2017-08-02 04:28:19,46c9d2e177a5c38072d6639a39c4e9802311ef02,31525
2017-08-03 04:17:54,1c644c400fc42a2ea258b9a2f6b20cc770861cf3,31529
2017-08-04 03:54:29,d2b57f7c2d1783133ae2cdc54f7b8db461f68b76,31529
2017-08-05 17:16:40,1a5e592d1afa227440c6cdd9c0f2b3f9c66b4069,31704
2017-08-05 17:47:25,6c05b6334bcf6bcbd1669f7444944d5b97126944,31704
2017-08-05 18:20:12,d2ea188a2be94242b3ce10723a116d6c4b6c7c9b,32486
2017-08-11 15:38:43,994bfca13b7d30305e67c4cb5e0e56556855e798,32532
2017-08-13 00:56:16,f6345d6fefc5800aed919674dc5dff187c0c7e39,32532
2017-08-23 15:05:59,7bbe0fd4336205f82fa0344f708510fc6059a74d,32532
2017-08-23 22:10:42,cbd39bc26292b60b68f6188d23828c87acbccf66,32489
2017-08-25 19:28:07,b276f3ae314e2ea0cb785a9875931270f5e60e7e,32535
2017-08-25 19:59:01,a3d8423237d208ca0a148700b5c9ce3d7eff4ea9,32549
2017-08-30 09:17:09,12184be63595d1166a17d6c4e5aaab3648ecd9ba,32549
2017-09-01 04:38:15,32929f43809cc838e38663b22b75a2d273c1b946,32549
2017-09-01 04:44:37,e78105a4958bcdc2be119aa0f9b9c626d89287ab,32549
2017-09-01 04:54:07,13e8f7b5f33ea87303e42f6d3ec43db80b57773a,32549
2017-09-08 15:06:46,3e5de4fcf1fab074b52282e9a8fa976bffaeb0e5,32562
2017-09-08 21:49:04,e420cb09639ec839aa4dbd2984eb9fc7355f9d34,32562
2017-09-08 21:50:23,eae1c214b733b8450ee7bb4719f21f756178ef36,32950
2017-09-09 18:12:49,53f5237b3bff77db9d2ad934c2d040d870af46af,32949
2017-09-27 14:17:32,c8922f91842333c7430bf9c1331b281194243dc9,32956
2017-09-28 03:29:00,e76ef46d49a523ddd8d9756ce077686213a8a1dd,32950
2017-09-28 03:34:26,e3ccc9c2c65bef69f82681028264243d65d2054c,32949
2017-09-28 03:35:32,c1b63b50b957121a95dd44efd4f9dd0d64c17e67,32955
2017-09-28 03:47:09,9f20f35566b3f75e5d3f666bbf2a3b3a2539585f,33042
2017-09-28 04:01:00,60adf031ff87ce59aa7ed4bd2f2fa4ec81a82e7d,33108
2017-10-27 16:48:19,7b5245a012718b1911aed555002a34b977c0539f,33149
2017-10-27 17:45:08,6b17962fa66542294c0f9c094c7f03103d779179,33149
2017-10-27 17:45:19,501461c4a4008a3966e1ad7a7fa781c6fb922a26,33150
2017-10-28 14:25:47,3848279965f9b6cdf56e9ac7b4311e0583c5654e,33150
2017-10-28 14:31:17,c1b095c40fdacbb9b38754999a8f529106b5b987,33150
2017-10-29 21:04:59,043ed139d1fa80d394a3ecdf88dee57682ff5088,33151
2017-10-31 03:20:48,ad7a00b6d5ad301763d2e7d2c85a46d582d8c207,33151
2017-11-03 15:29:06,b42d3c4f4bcd3dabec867bcaf783a058112b0773,33362
2017-11-03 17:01:29,cbd69bbc9535e79a067875206005f2641c6ee256,33478
2017-11-08 04:47:07,1be51664a3340d79e09024cee0c80ecbf0cca978,33494
2017-11-11 13:37:54,560d4402b1859e9eb56ee0933631b49e547549bc,33504
2017-11-12 22:09:43,aec286ba2fad39e09748cf9c0a459081494438a6,33504
2017-11-12 22:15:23,bf30f553f7865d74c843374ea1e98b7e00d179b3,33553
2017-11-17 16:17:56,fa7cdfbdb3ebd673e0039e219fe6c741f0a65e88,33564
2017-11-17 16:23:49,354bc609e00d0db9c10c5bb0cef87ab4f55639cd,33565
2017-11-19 11:22:09,15e9aae02f5c2b84dbea1d48e7f7fbb455853b48,33660
2017-11-19 11:22:09,23d9b2b780dd73a4564d08681ed9df0066c7e181,33789
2017-11-19 11:22:09,53da6ffdab62fc6ee3908b70d3cd6dbd21727efc,33667
2017-11-19 11:22:09,585ddd014b6803244ef24cfcf2badb1b5da9a014,33770
2017-11-19 11:22:09,59ff4900f56c0907e14039330e23537b16da1f3e,33804
2017-11-19 11:22:09,69ce166715fba9a72e063d02f26f28e962951d0c,33666
2017-11-19 11:22:09,6bb4ec8241ad19440212108c512305020d8746ce,33672
2017-11-19 11:22:09,7efea5afaafb45bd48eaa715b9237ea191d1b2ff,33672
2017-11-19 11:22:09,96f19d27283e8d8d914effc30a7b8c4f7414e605,33770
2017-11-19 11:22:09,bd9f89b9b7cc145fc29a7e0e16cbff0bb923d310,33811
2017-11-19 11:22:09,e5e4ce28e9f07fa8a6236f56cb2f6854bdc2b709,33675
2017-11-19 12:15:50,ea82d4312c22dbb2aaa29bc1dea69053efa8db56,33817
2017-11-19 19:38:10,744634edb1e2f96d4d564cd9109a21b5c3769713,33815
2017-11-21 19:56:47,6da554195e4caf8083c246d4079c3f704995ad9b,33565
2017-11-26 21:07:42,90661742b57064536b7b8c5405e0d2a338c35bde,33572
2017-11-26 21:12:27,b684f982419c5136841d6abaf076bec89ebaf2bb,33565
2017-11-26 21:14:34,1cd4e09125fcf01b6380675f426d805adc5e18e3,33572
2017-11-26 21:22:13,a2adaf92f734a004a7e5124df533897d050ac9b9,33573
2017-12-01 19:16:36,277dd0e3121f8dd6d78b433180410291962aacc4,33823
2017-12-01 19:35:00,bea2eded8c05cfc5c84a3141a521ffc4f338999d,33823
2017-12-09 17:45:56,8fe5286e5eaf9a9a32987d2624b14c6ae7867a99,33822
2017-12-09 18:36:35,1333efef8248f0bf4d6918af2fdb77fb6960bae3,33923
2017-12-12 05:07:07,20254a7fcfb6f182772e3ba820e350699308fe9a,34016
2017-12-20 18:26:20,91401abf30883b455cf9064cf2eda224ed386340,34063
2017-12-21 01:26:39,229f81a65a32a6d9b4ba6f75458dfa2f7146844f,34063
2017-12-31 03:58:19,7ef8af9565a75c0b94bb49d71f6846e2ea88ee1f,34060
2018-01-12 17:25:58,06215d1d46b9abbb7b1d99e4b7c5f2bdf4d08a1f,34060
2018-01-12 18:01:21,37c33662178416b14e0a35ef04b9da70f1be50d4,34058
2018-01-15 01:05:50,41bcab82b09fc913a9377f5fad813714ad7dc4da,34058
2018-01-22 16:14:32,c24e2582944f56eebfea1753a258e095136fa114,34058
2018-01-23 05:18:00,d15222482e1b4cfc07258b68ed10f1cbdadcb0b5,34058
2018-01-23 08:17:01,0a673524fd2c78a0e31c961c8e55ace44a5b37a3,34101
2018-01-24 04:27:25,11b761e623a75d8560ffde61a1f8c98c97eb73ed,34101
2018-01-24 04:31:48,06922bde0c712457ab6b019e175a0ce273a36c8a,34101
2018-01-24 08:24:42,b409850824b8580b8da55c3bd3df7c5fd79723f9,34102
2018-01-25 04:59:51,eae7221db68510af9d530f2b1562af280100bccb,34102
2018-01-26 17:18:30,9cae376fd52605c5517912b53b81ad00b5d773cd,34104
2018-01-26 17:34:49,54c9c099bf3a0255f548370d28726729b508d3f2,34226
2018-02-07 04:23:50,012cc4d6a14986099a30493405b77c82066c4baf,34293
2018-02-09 15:51:00,d77cf3310f0082491ef872c4ffeedbd13ae223ea,34369
2018-02-09 16:11:36,3b1145e07673bdce48a4fb5542980ee44010016c,34370
2018-02-09 18:14:15,fcc846eb91edc4583343152064d563259965e6dd,34694
2018-02-14 04:47:24,dbcaed7fc5dd601b2429f2696e3499bb710a8ec0,34835
2018-02-14 04:47:58,0e6df22b320cd14af1d510d59f8240ec2443f289,34835
2018-02-14 04:58:56,a876050c8994e7760dc016d9bb24af38f6f25eb9,34879
2018-02-18 00:21:09,a717a5076c7983de6935ace0ff7370b3dc5ddecd,34880
2018-02-18 01:29:53,80103c364edd29d9786c5add107744bc450aea45,34891
2018-02-22 19:06:28,272f6c328139406792f6e37c3ef321f917d608d7,34953
2018-02-23 05:17:01,0d1173fc1d0283630fe82d8b6bb0203a4cef18ec,34953
2018-02-23 05:17:46,ababd92e0acdbf5a1b35f028f2bc5a6fef1aae6c,34958
2018-02-23 05:28:26,fc96eb49d96323bc87fdb3ee62bc71c91dffe15b,34963
2018-02-26 04:25:20,43fe6f0b53b30d3b51cb412c7cafd18dbbe940e1,34964
2018-02-26 04:50:54,e85f993c5d9f83370fc797b6297551bb78808890,35088
2018-03-02 05:08:13,634297dff6201317e61a6601897bd430ba326f83,35100
2018-03-09 21:19:18,fff9d478cf6da16e5e480644efa209a6a94b1190,35309
2018-03-09 21:39:53,829a5a31b8db966953921dafff46ef7bf295a982,35348
2018-03-13 03:56:04,d5cadba6f7746a597b73dec523c27249528f31cb,35348
2018-03-18 21:09:31,0fa54d3ec2bb0fc9a0c7675f0393afe4d5d47038,35423
2018-03-23 16:45:05,ce1bea5f9efe16df1ade3ad2c12f9424216d6911,35623
2018-03-23 17:14:34,81e106e870f1ce17596902df71df476e0c094278,35725
2018-04-06 19:47:08,917b46dce94ad990a9316cde36a2ff199085c025,35725
2018-04-06 20:00:25,da8d9bc392d9e5d2cec76be9c44e500dca852d7c,35796
2018-04-06 22:18:13,3dcd98e90b969cea68d2667a3312648805eee95c,35829
2018-04-06 22:24:34,c3f1ce7940a624c52e636feb0345b05da1b0e8b5,35829
2018-04-22 22:47:51,c1f9771ff33f64c50c9060dd0d7c8993b3a16b1f,35832
2018-04-22 22:49:07,6a8947b590a721d828914c5f816f74d38aae2700,35832
2018-05-11 19:55:45,ac841053a07e37fdef4c4885be579fdf4b748e26,35832
2018-05-12 09:13:29,6b7b7d2e304877dbe2da34fb1567dd981bcf7f03,35832
2018-05-12 18:22:49,6b6ff330d6a713a46b62b67a1acbc6ad3ed0c1e4,35883
2018-05-12 22:31:11,d38457eb382c6b6278789685d48fe0bd31e589c4,35919
2018-05-12 23:06:49,471f8f77f7d983aa083577b8f7ac80094f7de1b3,35883
2018-05-18 15:46:29,ba9926d7be42562a47bfca2c575c31bd18e39e75,35907
2018-05-18 15:58:24,4873d608d4a5d53837e4ffb33f172c44e43d7c3d,35960
2018-05-19 14:26:25,9bc2c5aafe98836db9b18bab4581861797590958,35945
2018-05-19 14:33:51,fc281b23c35bbdb4853c70682b93a3a26989224b,35945
2018-05-19 14:40:52,2f611c312e08f9a7ea52e31b751207ccd62f386b,35945
2018-05-20 20:00:39,648b7d62ba2ed4388c770fc95d9aae7d88d778a4,36022
2018-05-20 20:01:40,ef5aca9e919c838c1c50e92fb306d4bf2159e1d9,36021
2018-05-27 19:28:19,6d7af7e79e5890237baf424fb4a1215b0ad4a6a3,36097
2018-05-27 21:52:56,3f7b7c99dbafda4105bd2a96fcc5452f8fadb1b4,36356
2018-06-01 15:13:09,54b490442845b54d30901e2abd971287ee6b9813,36319
2018-06-04 07:10:19,b0e30bbc8c868441ff0d2579f1d3140784f761d7,36372
2018-06-05 21:35:39,1768f4d5c9e54aca941a7721dfc6f548d095fe1d,36324
2018-06-06 02:25:34,d34aa4d59d68bd53792d0f6bdeee7ec224f8b398,36372
2018-06-06 02:28:03,7539fac39a3bfbea1d0880397a2d0f4581b2981f,36377
2018-06-06 03:42:33,92883f92046c686a849c84f082226f4d2e45b7b4,36380
2018-06-06 22:17:19,4304ed36dcc29cfbc03c62d79fad7a468e36583c,36380
2018-06-07 03:52:18,c96c74b348d577c934e424e6ce610f98442d03c7,36380
2018-06-07 03:54:17,fc5ea1ea9cac7892cd12e9f9e96bb32ff640fc53,36380
2018-06-09 14:09:14,8bd3ea732a7a982e7b2c928905ddeb749a2ff2bd,36382
2018-06-09 14:15:29,0b06b9921322633b7a3c5382e49809597e7482dc,36382
2018-06-09 14:26:07,1a3f896f0377a84f084c27705c169360b10e6e80,36385
2018-06-20 02:40:51,36145066272756779b7891b500d1ec31328a2644,36385
2018-06-22 03:32:46,c2cc7a35c685ac28b0f55863fe8320ca4bdc7031,36390
2018-06-29 23:07:37,01ace3728f725f7022a4a98394cf63c4d56d5d8e,36619
2018-07-06 04:23:04,c606c1d4fa2767cc97f0c0f12c4d9035001a2594,36619
2018-07-09 01:57:01,1fc94cf5dfa2cf101c9237ea744de90bd2bb03c7,36631
2018-07-16 03:57:29,c760e100b648033da99580d1b005b5b51543dcb5,36629
2018-07-16 04:04:57,b7261f602b72b6aa8ee9f83c246f7842f1cce0be,36632
2018-07-27 18:59:36,e58f96afcc051ace2a6019f73e0e62cabbeaa5b6,36664
2018-07-27 21:58:20,3921f3fe8671ad0ccbb3ab96e1a031305ce9792e,36672
2018-07-27 21:59:45,be0d9e986c9869aea7ffe8a99c7655c2cafae1f8,36673
2018-08-02 08:02:08,5c06caa20aa6a3826c6b8f668834c14d25c59bac,36699
2018-08-04 21:48:57,a0fdbac5d562c996a0aec80b216b9c8d835cf08e,36699
2018-08-04 21:54:15,2d24133b5cc7cede057d6f5e52f403eff2c01c1f,36704
2018-08-04 22:08:37,c526f5942d535729696468bcc4679fb69c26a84a,36704
2018-08-10 21:12:23,8407c3accd0174cc77c9f6f57d6a4bc558078439,36731
2018-08-11 00:36:24,1be6e7ca1ca57b6cef56322a864d55323d1a3fea,36759
2018-08-28 00:54:28,dc7cf043b25e77034f859525816b89e7ddaa0f25,36771
2018-09-02 19:20:12,52b9e4bfbded1599af400e73d47cd8e8943f97f7,36774
2018-09-02 19:26:57,464200e971cdc1cfc6af04427694e8e70921b55f,36779
2018-09-05 03:46:48,9fdd9eb67c39ff778fc42fdd3080bb5a1bff61a7,36779
2018-09-07 17:27:40,7c43c9f5ddc08ffef9e7b677a43275d15003dc4a,36810
2018-09-07 17:55:29,387f059ae0b7f166c33ff7589677f85effcfea3d,37555
2018-09-07 18:18:07,68277d651e5decf6aabfe91065f00ba03beec42c,37568
2018-09-07 19:37:24,458eb924e04bd87a91058b16a35d57f2deeedeb1,37568
2018-09-08 14:04:56,c24cbd9c89a9ead813cc9a8b8c0045469d9b0f91,37568
2018-09-08 14:07:09,2159254fcc741c72d52a2698cf88298a81915ed6,37568
2018-09-08 14:07:36,202a347d2abdb6107e643157149cbf058a5c96fc,37568
2018-09-18 04:22:34,a127205194490d99adfd25d6aea7850dd3cfd582,37594
2018-09-20 02:34:38,eba469f5221cc5b6407f1f78b59b48fc78d90c7a,37598
2018-09-21 18:27:40,c0961aa67e906bd14a318e3e3c96bf6c63dcfeb0,37592
2018-09-21 19:58:40,fd68bf59698dd60c910fa1f0e8e2cc992ccefc13,38080
2018-09-21 22:07:01,081d9e348bcbadc495132302e806710ab7674d51,38081
2018-09-21 22:22:30,8d6f39ac5b03643d434978428526ea93ffa39c84,38084
2018-09-21 22:35:19,8505d99ee983f1d262fb45e30306a472f8f8203b,38088
2018-09-21 22:40:09,79377ddb030b6dbec68e513bc61b03330b6090f5,38089
2018-09-26 03:55:48,50e718c2cb661ad52f293c7a995ddfe999169a88,38125
2018-10-03 03:03:24,a31f19f812bd25bb3f2d5c73af609f758ad1d618,38129
2018-10-05 15:23:29,d16a19f8b0b274c77e7c740e05d41712af814557,38146
2018-10-05 15:27:16,931d57055153dccea69afbb935619c9d20cac7b2,38149
2018-10-05 22:40:07,01322b1ec5096e1136f621f256b3e7da55741f46,38149
2018-10-05 22:52:09,e472299f02a3bb41f7fa0296e4d57b5dbe7f0d2b,38151
2018-10-08 03:45:26,f1ae3bbcedb9b7badb032bdb2a14db9076c516fe,38155
2018-10-08 04:00:40,157d7067cbd5f988c3ab2d0137000f7561a8cf89,38436
2018-10-15 03:46:13,d8350a4c25f20eeaf8d95c6c73bacc83eb06fb23,38478
2018-10-15 03:47:51,08a80a10897dcd4db22927c1cd89c37e727cc524,38478
2018-10-15 14:41:21,767531e0be37cc497ac8ac13a5b787da8b492c8f,38520
2018-10-15 14:44:40,473d3f1f8b496ae5daa47c7f6142b0c899850cb5,38521
2018-10-15 15:00:06,fae5def40b5a45cf45724c73ef3d6fe2b72d19dd,38478
2018-10-16 03:44:43,77d35f9e4b6ba8964aad4a07e51042693fd13d0d,38521
2018-10-16 03:46:35,876bbc0e9295eb5108c857eafd80d4534d3a57cd,38521
2018-10-16 03:49:07,7cc2f4b62d9084284335e74cb564fc15e44ff961,38526
2018-10-16 04:16:59,40c367f216cfcedb72402323c5681c7719bdd7f7,38540
2018-10-18 04:20:53,49458a4717643bc2dc7bcb93da8f326862df97f8,38621
2018-10-26 18:55:39,b4fb663340228ef1afa9fd3b40b0bd7dc99bc4d0,38621
2018-10-29 00:11:45,632c8da6569fdd1c9968cc83bc40af21b58ee76e,38621
2018-10-31 02:15:23,730f115448956f58cc7d1b8cd70aa2b8ba11c4ee,38621
2018-11-02 14:47:08,b43982cfb7526ef193165977d24e18f76a632487,38621
2018-11-02 16:55:13,470af7d1271f8b6cd5ce86bc6fc8c4252e08ce43,38765
2018-11-02 17:15:35,88be0560cdabe35851f70a188070f3e2d35cc94e,38811
2018-11-02 17:48:23,cf96f715990e23e3ccc1fdf34062b0c7737231c7,39068
2018-12-02 05:41:55,89a803df3255c3ec7cd40aa95ff79a30ec47eae7,39122
2018-12-04 03:36:58,5e08b59482a295f0b756fed884635db6576d22e3,39163
2018-12-14 18:32:42,aacf8bcb7c76838ae6b43c39299503c4bbce00ce,39163
2018-12-14 18:38:32,3b623402a1d723444444ded0a043b08f34e70d0f,39171
2018-12-14 18:46:17,821e4fb41b03957e8a86ff6237aa25c6e827fe63,39179
2018-12-23 16:12:16,6a7f2ee715e02cf31ca010d88b7b8daa1c529286,39220
2018-12-28 12:46:19,48f6d2251d852ab0ddb4faaba786a228ae2e860c,39220
2018-12-31 05:46:55,0caf8f5e2eedfe44824ae79811ad6e6b97ac0249,39221
2019-01-01 11:46:43,ce6b5335673bae1b5e2e8bbb5afd64bc074d7e6d,39221
2019-01-01 16:31:42,a53b67095d475945d04b9ab617468ab6e69a5245,39220
2019-01-01 16:36:19,d8e66e745acfc6ee1dd380c94d342d930c8c40f1,39221
2019-01-01 16:37:17,1aac51375225ec2a28d8ce1807fa9f7eff987b0b,39222
2019-01-10 05:23:55,50ba7dbc2c817bde04668c7cbaee6d9114533980,39267
2019-01-25 20:30:07,7ae61a8cd75db73d54041c4f19001c6b1531f3af,39346
2019-01-25 20:31:58,9e60a322ae1c57b922cb6d317e4e93258bc0fd49,39348
2019-01-25 20:32:34,151e7c4f0a9bb75e38d86248e1f5c7595fbdb7b8,39393
2019-01-31 05:28:06,d1f133eaa3831052ed68544e8207b0aacb8a50ea,39455
2019-02-08 18:48:59,ffcff485cf7aa6850c78403f97daf4bf6bc9e4a4,39517
2019-02-17 05:55:12,78c7f12e32907acefd3d191e0ecaa4450ce5fac9,39517
2019-02-18 04:22:31,558901c9145fba15c50a78c682cd0fd905e4ed22,39517
2019-02-25 04:57:21,e6e17be7c3228bd90547c74fae01040b761e3152,39552
2019-02-26 03:39:34,7e2cc7e561e8fc524b8730a0d16d2085bb34571d,39616
2019-03-08 17:15:30,ae7050a2181d35dfebed17d442bc4204d4148801,39777
2019-03-08 17:44:23,62769dd76f333941404b9ea7d10f23dbe836b6c9,39805
2019-03-08 20:06:50,248545355c4d84b52db68f079a0f46fd157b15bc,39838
2019-03-22 18:32:05,8e4953392ca3069a9f4737910797e45e55660551,39873
2019-03-29 04:26:12,7d97bd2645ad6db8433a326fcfc29f9b5f2a81af,39981
2019-04-11 05:11:16,00d46adcd96ba3ea2092cf0382ebb086c3ffeb68,40126
2019-04-11 05:20:00,acdf9f51db02dfd5b01520110eb0c83fca979bac,40396
2019-04-12 03:43:04,a72fa1e64e7d5ae22ef1bf28cc4418a86e869e1b,40430
2019-04-13 19:51:21,1d5b3db2848cb175b2faffafe5f9e67df1535375,40499
2019-04-13 19:56:15,1b199311d85d4eac0f30fc3ecc56bb72f6778c60,40499
2019-04-24 03:27:52,f466f35f33152ab30ea394c27fdf29346dbb6aa7,40555
2019-04-24 04:23:57,66d2e515421d98592c0916d09b26a0486879db3c,40555
2019-04-28 00:23:30,73e99d957814d015081387a169d7864ca48c572b,40567
2019-04-28 00:25:36,a31cbe2d0ac669d8fff8d9293b9020e375b6361a,40567
2019-04-28 00:26:19,fba290ecd6a4f54cb79a33098cd639c0087c007b,40567
2019-04-28 01:31:56,0092c380eb099f0e77d4715d0744ca79d1daeafd,40568
2019-05-03 15:09:55,79d85e74e19eed6a3a838e5addbaab4b596e8fa5,40571
2019-05-03 15:12:43,89791f18dd68083b5677491916b9e545cea2268d,40571
2019-05-03 15:13:31,db9d51a7827c488b7f9155e95b4eb833cc866b52,40571
2019-05-03 15:26:19,188d1592b8aeadc143df1344ec4f404fee159fbe,40602
2019-05-03 16:11:01,244c1e619c2b9ea3b7be10ebdb23ecd5b6ee1361,40615
2019-05-17 03:06:21,db6d56a3872281c1d1038c5f86de64605fd912dc,40755
2019-05-26 21:59:06,63d213cc91de7d91ab8a2eb429b5a28bcb2da2da,40753
2019-05-26 22:03:23,a1520d9760a71a95ffabffc20f06011c90ad618b,40753
2019-05-31 12:22:07,08c1e469c871744ab033464db8bb4e1304fa4ef8,40759
2019-05-31 22:21:55,9987a79ef9266e6f06078bf54ea330b3acd72e62,40778
2019-06-05 02:23:18,59681b7ae2a93fc5d201d52760695b1b5d62e7f1,40779
2019-06-05 02:46:50,6e5ddf206a4c5c833dcd8822153b8a5206b8f846,40817
2019-06-10 11:00:57,6c7b02cb7f80dd90500bfbfab7213a594adbf61a,41174
2019-06-11 06:45:16,2c2cb6bc5040e5ef44f9061eaafc8fad1ce319f8,41171
2019-06-12 01:23:06,ffa71d6369e55fa3eb452135524f5a6f56babc93,41171
2019-06-12 01:32:28,7356865da4e867e8e15df7b5e85ecf15663804b4,41525
2019-06-23 19:38:51,edbccdbd41fdefa03d3fba28d5af681ed5fe1b00,41538
2019-06-23 23:38:06,558fcc9e6b454c4eedc400c7ea3fbc95df747887,41707
2019-07-11 03:34:03,907674e7d915d195f23896efdc0fd3b7bc0aa466,41858
2019-07-23 03:18:27,da9c7f60954653e1f91052c8972ef7c118d1ff64,41840
2019-07-23 03:47:34,1252dc0b71740fb64757b984b8af28f86a90b433,41876
2019-07-26 22:44:25,608f376035203160444e7e49fc64ded280c0feb4,41948
2019-07-31 04:51:31,4463907193ce1ff3e266cfbcb9a9752b6e667c65,42225
2019-08-03 20:39:50,eecd1e1bf8ebac91ca558d8d3681200a8bc9afa8,42226
2019-08-03 20:50:40,0379634aa3478d24f25f45663b4c023a2011da29,42227
2019-08-03 21:14:25,fc26973f7545fa2a8dd83d006c7d5674bdca4012,42272
2019-08-16 04:02:45,8b7a7e29167a3a1d242accae5cf4157a4313e6d6,42305
2019-08-17 14:44:39,bd3b2a4d1aee54159eb94231549f86d6e4891369,42367
2019-08-17 23:15:17,bffd1308e6176fffa8729571effb4a5385410a42,42377
2019-08-17 23:17:16,98f40675deeab56fb8718e7ce7adff6a433a75d0,42387
2019-08-21 04:38:09,0880f135c9d40bbe9086e6699babcef71e88fc34,42415
2019-08-30 03:58:53,e2ecba8957b1e09b6dd65b3a5745a3d33c655720,42466
2019-09-06 16:59:41,36649799af51025071a026e591cb8b12e6054e54,42546
2019-09-12 03:39:23,64cc49de0baf1abecf2b2363c28ca5218962e4cd,42546
2019-09-18 04:57:05,d748eb2fdc1298c14504ec2cf0d574d647b186c5,42546
2019-09-19 03:53:13,a838e0029fe748355094421e4b95d2cf54bd4799,42550
2019-09-23 02:55:55,51847c36d4d47478d96c426fc801810c8e54fac5,42557
2019-09-23 03:07:25,9d8c38374337710a8a360dd6937c724876f64861,42557
2019-09-25 04:33:32,33bdbcfb1473452bbccd3f6606c3e205cd052633,42560
2019-09-25 04:34:30,a5f04c464abb612bb2f579a7caabfb0f72535e4d,42560
2019-10-04 17:00:48,8e8b4b308906498ab56195c1fb6ed63b7548238c,42605
2019-10-20 12:57:07,6a0796db7f53c1f267626db00f00133a4050e1bb,42611
2019-10-20 12:58:08,170fd8605743ee4bcaf8993df348fb09f19a8bde,42638
2019-10-20 13:09:03,9127013fedf273d05e51e2c87be1b097d1c137f0,42638
2019-10-20 13:11:15,d1909fa42c04fe630fe60fcfe6686cabf5a0ed01,42646
2019-10-20 23:01:10,c68940d7b0634379eda2dbd3a65987ff5d1d7926,42646
2019-10-20 23:10:39,944c1c209f6f54e7fc912bb183e8221b6afa12a4,42698
2019-10-23 03:07:11,bbe4e713a9227935ce733c94c0b12c71fc2d29e5,42699
2019-10-25 03:05:57,079226b37212036f38efc71ce0207490fd2968bd,42703
2019-10-28 09:23:50,330aa734b4a62b57ebe9d2d1bdaf35845f37f8e3,42703
2019-10-29 03:24:06,c258843afecc64101d118be8514d220d72008ceb,42703
2019-10-31 15:38:41,9687253c73e0b998286484a1ced55feddc56c9aa,42705
2019-11-03 18:13:18,8ab7a8b904d0b696afa32631600ad6e716f9ce2f,42705
2019-11-04 15:10:17,db128fb3c3b60871772aaf7c5c09e5c6e22bb653,42763
2019-11-05 05:01:08,eb634a4249fd85cee6512344530d83069bbf8718,42763
2019-11-05 05:11:29,03a511f5bcf14b4a4cf41be1a14ed42fa786541d,42763
2019-11-05 05:12:02,26f8e8237d01df4b98832993c42c55f39f69cb61,42763
2019-11-05 05:19:02,8615300542fcd84a779a982043d93b7defe3f3fb,42785
2019-11-09 16:08:50,a1994c8292d90c52370d71670385420063937b42,42803
2019-11-09 16:09:53,cab19f51df8e9c286b7fdc024ed9e95c8fb1baf3,42803
2019-11-09 17:32:03,b6dc33b55c90fd427b54da57e804cd3a023e9216,42918
2019-11-25 17:48:24,ba71e92b92a9b69b91d85b5c3f5af3c007aabbe2,42922
2019-11-25 17:55:17,ed27441fd2b0ed175ea1dc2d8a964acef2604a3a,42922
2019-11-26 07:40:06,18968bf845ac463d22d948c2a5666ffe3fc5dd94,42920
2019-11-30 15:03:14,93f2389ecafa9be893ee661c17806f20f9726932,42920
2019-11-30 15:03:32,f70c94c45ace26c144523e9f085ab6471edb2a52,42924
2019-12-10 14:04:05,025a17d6aa57de5ec53729bbcd1f455c7e9d9793,42924
2019-12-11 03:18:43,513dac6572e135a0a754ff6783b0047902d7547e,42924
2019-12-24 20:23:36,2b367641106bba38542ba394e7110215085b86e3,42930
2019-12-26 14:53:16,c2bb04e2306037b197b7daaa3164086a49daab66,42924
2020-01-01 10:44:18,5d128014b9cf9e2a07da3cf92da3b0d4d83ecfda,42945
2020-01-10 15:29:05,0670b75ffe9c666a3d292696a6d0b667f2315278,42930
2020-01-10 15:30:56,2ee7a7470cf10f8f954326fe075e82a6c7a64533,42930
2020-01-10 15:42:36,a5c8e580580377bdc71513c88d7b8f20208e2592,42951
2020-01-10 21:29:30,95cd2a3cd0b2422809b22baa388ca81ea7cb2084,42984
2020-01-10 21:35:43,8aef18bc6939418ff4ef3cff48a06e67f8d88a51,43018
2020-01-11 23:45:34,885a3d06d4ab49f46a2ef70455ae148c641c5010,43070
2020-01-14 04:04:39,8968b9f9f3c49446836d39cbb2abf858b61283ee,43111
2020-01-16 05:17:17,a58f6b024366d82ca421d131699bd154add4ecbd,43137
2020-01-21 08:04:02,bbc902b5ff6c170871b37f554264e75762485f6a,43297
2020-01-21 12:32:03,f5bf316a593880a64b5fd27f2d3775c423a4d1e9,43151
2020-01-21 13:20:07,84f670c368490da844692c9cdabf7099aed6ddc6,43169
2020-01-21 13:26:53,197e690e5354f6cb8ea61fd512ba1fa08b7709c3,43170
2020-01-22 05:36:55,8010b9cfb28a82b5257e85c51228912670aa8664,43170
2020-01-22 06:00:12,96e596a01f8b141b504893c610b0c70bc528bec6,43150
2020-01-22 06:01:14,0b1bb34173f3a18487e4b3202a0b4b2b307661f7,43183
2020-01-24 15:02:19,51b5f634f7594bac3491f7a0a536c6089a7d33a7,43297
2020-01-24 22:11:02,ad343cfd4baefab1f37e87d1447f2b5a97e96fe4,43251
2020-01-27 08:20:41,9a18b96eef95907f3909ed80f1e52e4c819849d8,43250
2020-01-28 04:38:41,cc9290dad20088a94e8e014080ae2e9818f66370,43250
2020-02-01 18:40:18,ff2de9f7db9b5f4dccf570f1b15dc10767fcaad9,43308
2020-02-01 18:41:24,9007d45325983a9da4a04011bad52ca1f8be8802,43307
2020-02-06 05:47:54,413289a7e65858d6d47a34cd51d84521f37ddeca,43319
2020-02-07 22:42:31,054357fa0fa5ecceb19c56fb6d249d821f60540d,43776
2020-02-07 22:44:25,b13ed2c8b3d07ad162d4518d267b34e85f288892,43776
2020-03-06 17:45:56,b7f95ca48c1864317baa99726880059d732dff82,43811
2020-03-09 06:27:59,52f91ce4a745d39ea6b723276f44aca7d9bb2326,43851
2020-03-10 01:45:08,20cb898038b3aecd4278e6b6c9a823839035debe,43882
2020-03-11 17:47:58,082a540c26b10d184706192f469719460d5889fe,43889
2020-03-12 13:05:03,3357027e03aeccd627cabc0e997b1c6f841d3758,43889
2020-03-13 04:21:12,7b76c5bfcba90778438ce001c1c673707ea99ec5,43956
2020-03-15 01:59:57,cbe54053e112e203817614d5da19b6e379e46e9e,43963
2020-03-15 02:14:34,a46b00bf61c9ed463997b734f3879da9b9dd2417,43967
2020-03-15 03:00:44,693d56dac6ce607e02aa4cccff0822032575c15d,43970
2020-03-19 04:27:51,0f24d62c341dca36ffdd99326e12246ee33c18ba,44008
2020-03-22 19:04:09,ad7eba8d744eeb1b97aa71dca2b3dff69522116c,44054
2020-03-25 02:03:24,c9daeb3cda13c9c60e605c7f9361d0f7b99a758c,44094
2020-03-25 03:59:35,dfc8cc08020613fe8b77796624556fcff8ae7b47,44134
2020-03-26 01:57:14,8adbffcd704f01d66b4af415d39098aacb3498bb,44380
2020-03-26 03:30:40,68d907fdfb9aebc5766be2bf783baca5e6f9207c,44540
2020-03-26 04:28:18,d9711a8bf659510fc5caba07accb0775857d8346,44562
2020-03-28 18:42:53,956c586cad255b8823dcb1db20fe4560b7c97989,44618
2020-03-31 02:52:38,f6632849bb3db792ba0c44d4721442b7fa38f2c2,44620
2020-03-31 02:57:10,5642a133ee1b65ac2dac7666995179488e35f9a8,44622
2020-04-01 20:06:07,55aa25d622a44d720b7c56e8e51931537b4fc409,44623
2020-04-03 20:50:19,7032009fae4f5089b24191da3835332a84c900b4,44623
2020-04-03 21:19:57,cddd3caaf911e9e9c14a30b91817b7041057573b,44672
2020-04-06 15:22:00,db2ca151f809efaa6e2c99f17eb7c8b2949c717c,44624
2020-04-08 03:26:15,8139de12c380184225478ae968024778dda478fb,44624
2020-04-08 03:26:40,d00a64e6ad71de00736c0b3ce0561ab694e6fde1,44673
2020-04-22 04:46:57,f2d04db4a2f23d151efecfe767cb102429db6099,44827
2020-05-17 19:49:35,062ee9838333c3a492a4c195ef26f300c8e22695,44825
2020-05-17 20:15:44,f9fbd1d7d0fbd98153d59a631e5bd46d6a65e8cc,44861
2020-05-17 20:31:28,8e83bca93a5752591a562e70c11ee4e44194a86c,44865
2020-05-19 03:34:51,856d9ffa03eca94b08128c56ff9e92533a460315,44865
2020-05-20 03:11:38,99715d2dfb8b82b25b3bed1dd0bb5e4947e6ca4f,44865
2020-05-21 03:21:47,436d7706d82b5d0e41e3d90a5a986063bf6523bd,44905
2020-05-21 15:47:15,3b664348a3a8c0c76b711d15c47f8694e94f49f8,44905
2020-05-22 20:46:17,f1938c6e80455ce13d28ef040c6c5903392767cd,44905
2020-05-31 08:59:53,301e254a577b9e94591e44ce51751312462c91a9,44913
2020-05-31 09:04:00,917154d9bacd62925094ced8b6d862d982032025,44915
2020-06-02 04:21:57,860e4effa38d41d7ff7e26d365e0f7c16075f428,44915
2020-06-02 04:33:09,8098fae97eb4fb4544055d58b95d7c98575f225b,44996
2020-06-15 21:23:01,45c030953ee06011bed59bb79dd13b0b77cc6c6b,44999
2020-06-15 21:57:25,4daa4f5cb0fa162d59d0ad21b5c3c4171de79a22,45041
2020-06-15 22:59:05,a8a995a0982dfcd0662bc66dc714adcf3a27a66e,45041
2020-06-16 02:57:24,c6edf1752173055c7574d61062d1cb455c08d17a,45041
2020-06-16 03:17:26,077446cb768c5cec5edde4b5dd3712d200308a93,45132
2020-06-17 04:03:27,77ff805b0f6de04b6dadda6952d5fbacbb17fd20,45138
2020-07-01 03:56:12,a1aef429ea90b1d4a19b7b78c9726053b4a1fb83,45226
2020-07-21 02:35:02,1acf386a51fc86ba7f5f91770e60f158882ffd80,45226
2020-07-22 03:52:01,fa314c3255074dbe67dbe8dcc8d37a8fa9acdc12,45251
2020-07-23 04:08:36,c32ee196432fefbf783103b3017d8753dc861fe9,45298
2020-07-27 16:47:51,305b8d87b763daea0ae414b15bf74e4337db3dad,45298
2020-07-28 04:08:13,42886d582e53a1c1fb72cd52d04ab9445dc283bf,45310
2020-07-28 04:25:42,d3d376e9487d38fce8b9acc70e2c17655acec132,45310
2020-07-28 04:49:50,2656fa581245b8facf574c962e11ee09b613aa09,45320
2020-08-04 04:29:35,0d8f28034ff52fc87f2a362b49804d3d59580b89,45320
2020-08-06 03:44:30,0b2c4c7b326556381feb74b23fc52bb187ad0f24,45406
2020-08-11 04:04:14,dbbf5f3a021b76599bdffa93108d53c83a399c12,45450
2020-08-11 13:08:25,c770059783df8fa5cc53e4214e2a6933d1759687,45451
2020-08-12 03:27:03,c28449099410a518e89fee22e7f4853296094282,45451
2020-08-12 03:28:34,62488b6a3364884860fabe912e046726225ec767,45451
2020-08-12 03:29:06,7e2b78d13692384c4e8dd860355c35c00d93dd6c,45452
2020-08-19 04:04:37,c7374de9a85a3d5253685ab989fd194ae0d79c16,45548
2020-08-20 18:00:04,a42ccd960ea32dcd5cebff3014bce6824868eebb,45552
2020-08-20 18:18:45,df479cf52bd856e0464e7ca176979d9e8fe838d9,45552
2020-08-22 16:16:49,ea4a68bd767fccd048195241311ccb1a148df928,45552
2020-08-22 16:35:18,a335556e621c6072e096a87cdec4625d6efed9f1,45628
2020-08-22 16:45:22,66b5e198e362f7fdc5effe00ade103580de8a71b,45757
2020-08-22 16:46:28,7095c267081706f57e38411b149c141c15fee1c4,45761
2020-08-23 18:56:12,6b6e2bcec9771cfa7e249525687a711837277b4e,45798
2020-09-12 16:41:36,a4f9037d2a7f69406a8eabdc0e3553f093b254e9,45805
2020-09-16 16:45:08,6537c5d1b9f48a4f5cd966320531f8cc93c04296,45805
2020-09-17 03:46:21,2a44cc77b623592a458a9c1a254c83f8a8c48415,45805
2020-09-18 01:48:10,a5290d8e4053741ea1a3cbf350b016f93750414a,45862
2020-09-27 21:10:27,79f2b8355b90379b2bacdef8470371232b3d7f8b,46027
2020-09-27 23:32:32,dc1551456c7c5dce1be5f3d72ff2e28ba0db7790,46071
2020-09-27 23:48:57,abd27d9fc681e3c96b95b3077f2ec835fe8c5013,46388
2020-10-02 15:41:34,4b96c2e9d51d3bf80c33e4b651849beff3a160b2,46435
2020-10-02 15:57:04,f843ed1388d42718bc09326bd28b5eff9cdeb0fb,46485
2020-10-17 23:34:21,87c4163d337f0de138a8dd220d0daa8b24fd1c30,46779
2020-11-08 23:25:22,db5482d5c8f61bd8774353310d07ceed874f0894,46862
2020-11-16 02:03:12,02aae74aabdada144be4a9826de93b810fce00ec,47030
2020-11-21 18:45:54,3a64539bfc62472208f6f636fa495a4bfdeb0516,43757
2020-11-30 04:47:20,d61ffd70afce845d5f485353866bc337dd1aaae0,43808
2020-12-05 18:09:47,1708e384a723da8c970e6d9b75785fee853fedf9,43837
2020-12-05 19:38:52,62b3608928f3dbb67dca4a70f1cf83f527142aff,43905
2020-12-07 02:52:27,f280851f717e6ac7726894c940dea43636981a80,43896
2020-12-07 04:29:52,c82cf38585b7e1f5b864559ce66c8e47e3296157,43968
2020-12-08 05:49:48,b92a8590b4bde47ec0d87ae306b5bf2742c34e54,44006
2020-12-10 03:42:53,68637afda37ddc524175e984482bb7a0cea54720,44004
2020-12-12 19:24:32,3f76634bcbbaa7c81c658667496c2bd4fb7e7558,44030
2020-12-12 19:44:45,be968f183d40a54f498d577f85e65cbf128570b3,44036
2020-12-14 01:54:11,325b9d74e3e4f6034c56c329b77fedbae47d91a2,44092
2021-01-08 05:57:13,3b02e919644176a363d518018107d21c4d5faddd,44150
2021-01-15 04:09:40,225a4df53cb42c1a9cde207153b18279f5abfea3,44182
2021-02-03 04:52:19,6e31674fbaa6f95a2537d22a8bf57b1e44ed6d17,44194
2021-02-05 05:04:20,8587bd76de3da446cc919d2aa5354e9dfe50fb12,44218
2021-02-15 19:39:35,fabee0e7b5c8f3d0b9b3f38e3b1181b97030ffd9,44218
2021-02-16 03:57:29,9eea27ff1e552090bd3c1ce0ea878c6b2c4d133d,44218
2021-02-17 04:54:25,9b1c380fdad27bcf9e86e5884467167b51873adf,44342
2021-02-28 15:56:23,5db6562a7776216aa87d366d05e2546fecac6aee,44510
2021-03-01 05:00:53,64ce0ac816620599f3df40e81301360027b49fc8,44510
2021-03-07 19:43:22,ad4fcbe2f7039cfb5c39a87f60698c3579ba7212,44513
2021-03-10 05:44:14,a4643e3fc6d7c0c3d654166fc9441e8d8613d75d,44597
2021-03-14 02:07:46,ab8f426f38180efe5d3135aa48cf7c94f5257f8b,44596
2021-03-14 18:01:41,32d0a28f44fc8687fd5dbfc94e9b197cc68b7f60,44600
2021-03-19 11:21:30,f14350ae26543addd21cb47dcb75131d50113275,44602
2021-03-19 11:22:34,9ff1fc81c48f32b50a2d097d395ad5700b6e0e7c,44615
2021-03-19 11:23:46,b09d8f47d237c2c8ea10ef55154b4716d6e7dccc,44631
2021-03-19 11:24:32,1916f50394b09aad1c7feee7b61d240c36b570c9,44638
2021-03-19 12:13:00,7fcc52cb1b8c4566f414a2d97357e720f4a45e24,44644
2021-03-22 00:40:50,b8f5f95aa90fe138363d1b9ee3f303283a389697,44607
2021-03-22 00:43:32,afcefa75085354ebd5cf8cf6540ca4dab429c24b,44614
2021-03-22 00:47:11,ab1f13d41046c06637fe1ce0aa2019cb26b97c6a,44627
2021-03-22 00:53:31,e6003159a49f5a47dac9e1b508e0c9f00a61c191,44634
2021-03-22 01:25:23,055f2b87c0c6dcdf6dfc565b12faa0cff6868b03,44610
2021-03-22 01:28:01,bc53fda334d4c6f3c0fd96f31569dd5780a760cd,44620
2021-03-22 01:29:39,562c3ff15c88d8f2d40b3aad2eaa730e579c4355,44647
2021-03-23 04:14:46,581bd537e5bc1c44d946487163d819999ebfba65,44691
2021-03-23 04:49:49,ad2a76201a61e5e380e9372613264ff723acdea1,45092
2021-03-24 04:26:39,ebb4c52e35286ec5d8194ad3b738d5807ef80328,45126
2021-03-26 03:24:10,e775e1f8b1d2d4d30a29e100e16fc82942fa9671,45115
2021-03-26 03:48:46,8c57fd1f970432fcd4826b104d39a528c958539c,45122
2021-03-29 11:48:06,9091f335f0dfa080faa4ebc3e7630b022a72515b,45122
2021-03-29 13:41:17,eded0214481f4a335a733bd181ab6ee6db5df319,45122
2021-03-29 15:35:17,ed852a263b601e95a441639bde2c3469893ca9bf,45133
2021-03-29 15:38:57,d437bfb3bcbcdcac914889f72a8c64d150500cb8,45135
2021-03-31 14:11:19,a74b1994200a3f965897b9b4c27c7e6b420fb344,45202
2021-04-08 13:44:03,5d8c3f49e7f27feed02a07e80b5bd942063b361e,45206
2021-04-10 19:22:08,b95354e872e06d5fd5b34e69b685fc078377304f,45206
2021-04-16 21:06:23,24319e6de160e03eb7471d9a8be41a7bbfe5f37c,47646
2021-04-16 21:07:07,4c8bc7c7f22bc4a31dd4f2c35ce6cefa99023269,47650
2021-04-16 21:58:53,ff54b73c15d5cbcad8e9e1dfb031d6982a1e186a,47653
2021-04-16 22:03:00,a55e1e3c65e1a8d83946519c928e291e3d78032a,47656
2021-04-24 17:14:50,713f38c59be8d485636906cefcb276537e64f65e,47756
2021-05-01 16:01:32,96cee9c76eed1b225850b9a777c382ee22a15ddb,47758
2021-05-01 16:06:30,d1369e5420e3b2c09f7cb24a5c095cd5dad4ffec,47761
2021-05-01 17:04:42,8cb00d43ed79010f200bf874f521fc4afab8854f,47761
2021-05-01 17:31:19,90070481081b6decd9446d57a35176da3a6d8fbc,47783
2021-05-10 00:34:24,f1d22c29ecc19461ccede4fa72d617c2e22071de,47781
2021-05-25 16:04:33,e644eda03f4b656b4514a81ef6ef6124bd9560c7,47781
2021-05-26 03:04:16,e004191581991e2ad50819d202407bf42db5236e,47781
2021-06-18 19:22:50,577a8032f8a64d5984477562f713aeae88d2cb6d,47869
2021-06-19 03:33:46,01207983a97e7f2a70b7ffd4e1bdf783c425b4fd,47869
2021-06-19 03:36:08,4d558f63b2ed247c0a28cb4806e9c555db4f914a,47866
2021-06-19 16:45:59,35a134836173bbe6496e5a3ac6a4288100c5226a,47904
2021-07-02 12:52:42,e089d707f68fa10f64a312611fb4162e3c015a53,47933
2021-07-06 15:19:34,0b1d65952ee5491841a29e310d960e00585f12fc,47975
2021-07-13 02:58:36,be1f33d8227c862e2f4df31a013540b518ad6e44,48041
2021-07-16 02:28:56,ec44eb0e198a8fd093d8c69b9b80cee8d543eb5e,48055
2021-08-26 03:38:40,fdd8b4c80bef8d5d373f72096606c5f3a3eda1b7,48059
2021-08-30 04:28:23,08807b213a150e7d6bb1d2d22cad9e4bcc1d90bd,48087
2021-09-18 16:47:01,7fc6dd3eea03fdcac16990cdec8caafea6546f77,48088
2021-09-22 18:26:54,c6987b66f7b29b8d964e9c481f0e290dc23485f4,48089
2021-09-22 18:30:26,8ca24ff92eebb9bbfdf68c4cd1665eb996801746,48089
2021-09-22 18:58:50,aa389c5fa550a3e0fe90749f39b8c798779eff35,48091
2021-09-22 18:59:07,5542a3f87f3beae07f2202e2aeaf78feeac52a21,48094
2021-09-23 20:04:48,255cc0aae0d751bc07ccaee86cd91409159e45a1,48088
2021-09-23 20:05:29,fd74e2538eb8fe4a7e3f54ccfa23fd6c3b0eeab9,48089
2021-10-07 10:36:09,614a2e10bedf3e67fe5921c324b848e737e09b51,48096
2021-10-08 04:09:05,cd130ac4864d071df2c8baef3d1b7696af25b912,48094
2021-10-10 14:52:26,4196036c0b2d4aa163472ebc36c3c0e2d7bfcfa0,48102
2021-10-10 14:56:51,f48e6c2851110c5d8f67efbe48080afddcb6a2b5,48162
2021-10-10 15:07:44,5c924ecb67c5b9968dcc35fc313ee6782fd9d880,48176
2021-10-17 20:07:12,75a3cc7077f95c12bcfcfea2301e86391cbb287c,48473
2021-10-17 22:16:49,a3eb7e43eb8e47772657cb8040590f6dc1a88ae7,48481
2021-10-17 22:36:08,94171285f373a86d1155028911a6c5a726b98db3,48541
2021-10-17 22:42:04,1f62f0ea331eee1a40005edb9e40398f2c540383,48542
2021-10-17 23:12:48,317b27d3ddc075992f4bc1e64bb20bfb8e43a031,48569
2021-10-23 18:36:07,63e21066f55474f3d6850185c2c2fceeb105ea33,48572
2021-10-23 18:43:19,3d8b32872ed339759d4ea0a9b5782294de715e47,48572
2021-10-23 19:20:59,b4f3105dc1cef4c69b5f4cc1b20bdc78708701a9,48572
2021-11-01 04:25:46,14d7c6bbca21a5e441b9c2d76c2d3fe81c22ef58,48598
2021-12-01 05:29:30,b2940a1ccb298d34fa49702f543c5208de4778c4,48613
2021-12-02 05:57:22,8a0fc0b382f86842437382f074a61f56bb809127,48651
2021-12-04 19:08:42,3cd69a346b2d4918dd4788b33011c539dc9f4871,48716
2021-12-05 20:27:33,043e8ea9ff6db601c145b0f47645b68500255237,48716
2021-12-05 23:55:38,14397be15b898dc7ed282b06d55fd11ff55d2eab,48722
2021-12-06 01:12:40,9d5b7cb0611afe1b1b06ead2ef157f5f31f060a1,48730
2021-12-06 01:19:41,8ee9102ab509031d79ad78bf3d6fa4cff475fc43,48730
2021-12-12 21:03:35,45dfd4b4a0d09090fdf5eb80c6cf008650b8ce92,48736
2021-12-18 19:28:16,14eed5dd33fb3e5a8ca49c1428e031e0da9178ac,48736
2021-12-19 01:14:00,e5876ea6dd91cd25a10baa7eb25c8de5b7840606,48738
2021-12-19 01:32:31,c85005448b2418d4802f6cb5aff3783c6db04d1e,49887
2021-12-19 03:18:34,a590f71535cdef9f3814951278b2ea06a79d0d8a,49887
2021-12-19 03:24:19,de4728bd34e21de39a847232590d2ed30c8eadea,49893
2021-12-19 03:30:25,8873c35bc1273b7efc717f3d80921be93555236d,49946
2021-12-24 11:48:05,f51a18b54ccb0759b56485de3e3f7b16a7c7f614,49946
2021-12-25 19:19:19,d805c848bd8a11db915dfb7d8a1fed22270b56cd,49946
2022-01-03 12:10:45,75e0775d55401ea7e3ed2bb73854428c1d53af70,49974
2022-01-03 12:11:37,38c26e81a62555662a1723a9b3299586dfa72974,49974
2022-01-03 16:06:35,ec7cd8b8b3405d8d8ca5bed408aacac0c5f0154d,49994
2022-01-03 17:05:36,c0d59fa89013cf09b37ffdd3b4dc5a6d43a0c1f6,50095
2022-01-03 17:44:35,349e28248ae44d9d52bf4b487b6718bce9c54b6a,50096
2022-01-03 17:51:18,2f66ca4b1cad46c1ec2ec0bc1d9996898e20f46e,50111
2022-01-03 18:08:14,e6a5c0660002d75f33f6c3133c120514e8ffe2b2,50111
2022-01-03 20:47:14,d5e482f3dc0a9acdd7f8b5723893199baca486fc,50121
2022-01-03 20:47:54,0c1adbd8a09b17ca39b4ea9ad15ee3f4a7f5a3dd,50121
2022-01-03 20:56:19,13612650357c7a79997ba63c87a1d2a2e0ec4114,50069
2022-01-04 04:03:51,97acb10258a78f62336cb7324bcec174a5f8b71d,49994
2022-01-04 04:05:07,44dc913dd08fd78ed0756e731ea44f6c1bbec470,49994
2022-01-04 11:46:40,1f7195bc5f59795f1117b8864c3d5976fa3e9d2f,50075
2022-01-04 15:34:41,3c160e564178d70ad31d2724dc7553532cb3fbb3,50123
2022-01-09 19:37:34,8933bdddaeab3eee5b8123767fafa972945712cd,50123
2022-02-07 01:46:01,c291ec805799e7a4095cfe5aa29902f2a24525b3,50002
2022-02-07 01:48:02,c75cfabddae50229d6dd592171a074a741731274,50131
2022-02-23 05:27:40,1e0c75198c23e09fdfeaefbdeec60c0815552767,50201
2022-03-08 04:48:27,3c5ad465f19ef9afd5092c06111b636c5a9bf8ae,50247
2022-03-09 18:54:22,574e5b3926560925ea7815d9bca284e6c6c48dc6,50304
2022-03-10 04:47:46,9c833b0d158e81c7b03a6d6170aa6c483b277470,50304
2022-03-10 04:49:20,e4d59272f9934372c6950c7d3aa45d0460209588,50284
2022-03-19 16:03:44,47d5ad3f744d82595574b78fb61d03df6552a2cf,50285
2022-04-01 18:05:30,4f32d5c3e54a84ef372e0f95f3fc2f761b31da66,50406
2022-04-07 03:20:35,e84b2587836713a8d1ab3d95690fdef1ba96736b,50436
2022-04-10 18:42:38,4d244d29a4b0f3c994ded12f7a0c57b8fe2906ef,50478
2022-04-14 03:43:54,56215b045c1fd5f145d9f553b9071357c23712f0,50528
2022-04-15 17:53:07,19ad39323e1600f795ae0af9c8f82d2d2bdf83a8,50534
2022-05-31 18:26:22,aedb96c8984113fbecb2234f0e19c1345a71df8a,50535
2022-05-31 18:33:25,eff7f4a0f2213d27d2d6b20a9ae82d47f6b5c4ea,50535
2022-06-20 17:58:02,2f7d6d71e8c5a98d34120c2e2dd41eb135665446,50583
2022-06-21 04:18:49,67770482dcf05f3eb9d29b80287d26e5bc8273db,50583
2022-07-01 15:42:47,7da191d11d613382107f25ddc9990c1cb148974e,50659
2022-07-01 15:48:08,dd4752e6b0875ec86ff5d19bbceaf33465308e6d,50659
2022-07-01 15:48:56,bb64ed4fd52fb8bce282249115a83f6f3fe397a8,50659
2022-07-01 16:03:05,4142f7ea7e2056750b2acf1212c4a0c1bbdbbe39,50659
2022-07-02 04:23:16,5bce3b2dab9b24728996a93c8b5f28c795474186,50710
2022-07-02 14:37:37,0e927cc23f1701e3239b02054b15fa8167605358,50772
2022-07-03 02:42:57,ec7d61ec4f16a3ad287405f502489fffdb769de9,50721
2022-07-03 14:57:34,fc3f01c748988c8f11ada865db2a73834ad2ebfc,50722
2022-07-04 15:02:25,04dcf36ee52d4a7b50bdbe5148d58040bd5d097b,51022
2022-07-04 22:05:54,b5bbd63619841412d00585f5cbc928703798edab,51022
2022-07-04 22:24:30,b014c86a828a9d2ce5b3023a0ef97bc8bf134d50,51038
2022-07-27 03:39:26,89d38d005a41aa74b4f404b48cebdb3bb7c2f89d,51016
2022-07-27 03:43:06,a5a38d5f5e91ecc9172716d4833a44f1f46a6ac5,51016
2022-07-27 03:56:28,5ca330995f21418a9f20d10937a15a780a7c9656,50999
2022-07-27 04:18:24,b35582f4eb98149fffe0236a55d5d01879d758a0,50971
2022-07-28 21:46:31,41330e6c41f80b76004174ae1889432741efa8f3,51076
2022-07-28 21:47:45,86969f58de18dad9c84d563c907c5e1190a53fac,51088
2022-07-29 01:31:45,e06194262d2157175b364c44b909c9bf2fec4d41,51088
2022-08-10 16:46:51,5c84d122fa3eb9c2a61c9fd82db192b1824defb6,51117
2022-08-14 11:02:54,c91e8c538c67930977cfb6a8e85eb7f09e948991,51149
2022-08-19 12:11:43,f49a488dc7250e40cf548bb1e90fe3f6b961de14,51268
2022-08-26 04:23:31,6678ed0632988c772738831405fd864779427df0,51296
2022-08-27 16:55:06,743fda4835dfaa3e32f7d0fa855fa04e94c1194c,51271
2022-08-28 01:36:56,63b534d5f4f5ce53e1e4fe6cb44f4ddf4ec97494,51299
2022-08-28 04:26:06,0995e8ce3abf0a690e46da4a0ad880ed376dc57a,51275
2022-09-16 13:43:39,c910d14b5118597606f233141bcbf9ec192ebe9b,51280
2022-09-21 01:49:02,1f7d87adca09dbfa2533a0ca18972e73e84a3060,51280
2022-09-27 17:44:24,fe1b96fb9377f3f3328a1ff0cf41fe2818666a2b,51294
2022-09-28 04:20:25,ac1c02964e53b0cbd0c6fe43409ee1b969d91d9a,51294
2022-09-28 04:31:30,a47f7aea6fd898c2ac9be52c34c9c303acc15573,51399
2022-09-28 18:23:22,bc7437df8506175e6e4964d5c363f9efe8302030,51310
2022-10-01 05:05:36,15504ab8d710b35a53da7e6efdeef0719422772f,51415
2022-10-01 05:11:05,04c857e91f7678ca0fa46951b6dfa7451e1e94dd,51515
2022-10-05 02:24:19,9a5ecbbc239b5f7fd573edc986355c13c2815aae,51518
2022-10-05 02:47:29,4aa0eecaee1d768eb8ca0f14ffa6f8abd7c4647e,51443
2022-10-14 18:58:56,19a50b7656b389306502eeda3b79d770a88ac212,51529
2022-10-18 03:53:56,9e8dbc6d5d1b3e3c8469ffb496cdf4042904b7b0,51452
2022-10-26 03:12:49,065bc651303ee58ed2f72532180521a1949ec330,51531
2022-10-26 03:51:53,bb9ab5cf288fc5a0d5c52c4734f2900a8ea79f63,51532
2022-10-31 02:21:22,569030b1d1e94b86fb9ff023f7830f2f53f717d0,51618
2022-10-31 02:22:08,d7387953f0c6cb66493e43113b72fdfd45d778e6,51618
2022-10-31 02:30:51,a37405a6f705c1eab69a75d18df7bb22e40f16c1,51700
2022-11-03 16:35:52,e59d711f142e569684396ae47cbf7eb9835f7736,51722
2022-11-03 16:54:51,9ef9921760bb636937d3779313c14193f2885367,51725
2022-11-05 16:17:39,08ede2e49091545867028f568deef67f94ed7a1a,51725
2022-11-05 16:34:52,4a14338caa80365136d7d812dbeff5662cec96a9,51906
2022-11-15 05:04:24,83d8a8289f75aee5bc89fe8c995efe8f13f00b70,51990
2022-11-24 18:15:50,4f40489b895af489a9b66ac4eaf1d4c88b91f9df,52071
2022-11-27 19:22:07,d654ac463c11761ac58b7000d83ab6899722a09f,52071
2022-12-04 23:36:02,57c8ec24fd5607cde6faf3a26c30c24190374eeb,52209
2022-12-12 00:18:22,653924bfad810102c0297eff84a5f0bae85ee57c,52255
2022-12-14 17:04:14,74c8a0d7ac4086aac92dbe76518676b8f8ac1cf4,52256
2022-12-16 02:46:17,7852da0ae04d2e45d80d55e9069fc68b84196108,52256
2022-12-16 02:51:44,7c4a3a436ae9b65f051f509872ad6a16a41241fe,52286
2022-12-18 22:33:54,cb03f19cab5d86624bef010fbde5749017ff1d9c,52300
2023-01-11 03:18:26,8617196b910e7103329c6f4d3d928a550760df83,52307
2023-01-13 02:52:44,ab0e214e72a6736c232fae49a314ff8ec4a69e96,52308
2023-01-13 19:45:28,2328ff9ff159cc8c810be03c01cf25316efd574d,52308
2023-01-14 02:37:42,dbe2369a0c5b6ab653473047098d735742625e84,52308
2023-01-21 01:10:33,5b3243be8e6bdffc33396d160311497c8f5251e9,52339
2023-01-23 15:40:51,626377bd9a5a459213cfe732c683086c0a70a76f,52344
2023-01-28 23:15:40,306dd7b35b0d43595627b10323a4ac5f07daf947,52344
2023-01-28 23:25:32,7eac0febdc199adaa3a010679f446c74ecd0142a,52380
2023-02-02 05:04:25,6f8b450b0c6e4ac761c1ff55fa06d0388448921f,52419
2023-02-06 04:53:51,65fcc58262f0ef6466a7388b55e68109622b1b8b,52480
2023-02-23 04:09:19,d103cc45401c48811199bc00a749ff272d8368fb,52539
2023-02-25 17:52:45,3d0fdea3eacd41d3102ef37f2a2c49b2247d5f50,52620
2023-03-05 19:31:23,4e041a6574a7c6396a82ec7ec923b2bac9177763,52622
2023-03-05 19:57:03,84308afe23bee70a276a57c816e65dfc64f55a33,52612
2023-03-12 22:39:32,271cf62be7e74c2bf669ced0687a13bc98600747,52632
2023-03-14 16:47:13,34ad46af26df99b7696b6524f7274d44a4b85a30,52670
2023-03-15 01:33:00,24fbf72597484481d8f3706edb5fb98d5953ee8e,52670
2023-03-15 04:17:29,74b243d5382bc57891f6673eed39becb7c708de5,52670
2023-03-15 04:25:20,932be0597aaa344de335c85fffab1f53fe7f83c3,52670
