Date,Commit,Coverage
2021-11-12 02:37:43,ea93a52d7d94ba093bbce4680c622cc4fc9771d8,68
2021-11-12 17:52:16,218534a9f20c98600e7c41321edb4063a8e158ca,69
2021-11-12 17:52:16,2bd7aed1a4e257b00df4282b96e7e96edc4567f6,69
2021-11-12 17:52:16,b7501776a12c15e64b6cdac1e3b903a00df7d285,69
2021-11-12 17:52:16,e21e003f62b57c35e1832c0bf14e9cd27f4e5bea,69
2021-11-16 15:38:42,9486b6cf57bd6a8a261f67091aca8ca78eeec1e3,88
2021-11-16 16:34:55,9fe21310bb3ccac70c4de8a7bc48d1dd69611ece,87
2021-11-16 17:04:18,2e10fc24a13f16e6fb07edc61c8398f74ace2492,87
2021-11-16 17:05:33,776bf09fdf1e617d86103bbfb40efbe2682c41a3,87
2021-12-16 03:28:09,f16524ea1de682db50ee18a91b5204a834995b2e,87
2021-12-23 03:06:08,9e50ad55ae6c3938c2ffd0cad89942c12fca865c,87
2021-12-23 03:07:07,660994efc761efdfd49ca442b73f6712dc77b6cf,88
2022-01-13 19:10:06,a025ee3f25044145a38e650aaf097f32bc5b2e83,87
2022-01-13 19:10:12,e103747c544494d67aad64ec2da668d2d69493c3,88
2022-01-13 22:42:36,66f2ac669610accd76395a98b623a21b1f15a9c8,87
2022-02-09 15:39:33,7c5f17a55e8cd233db17f4944a482cc497a6e7c6,94
2022-02-09 19:13:03,1be65b1b699b0512e3b38e3e05d42d083cfd12f1,94
2022-02-09 19:39:48,e06dad62f6b49dff935f241114b3590774e2786a,94
2022-02-09 20:44:03,beae1249f7e580779ae18d2d831f7ec51e5aff98,94
2022-02-09 20:53:19,48ee204dd5bdc47f397553fb45b5fe37003c07d1,94
2022-03-15 15:44:09,faaa5594b2406260c3e4197fa6e80c3d19b6ab23,94
2022-03-15 15:48:47,7abcf57f544e3bd29c4f22a10907f976f7e056ea,94
2022-03-22 09:29:00,d80f41f57dbae28c784fde0fc829807cc2ab4a76,94
2022-03-22 13:46:52,598afa0083add33a088c58183924a370be6635d5,94
2022-03-23 15:25:22,c9a1f7ad6545c9cc27c41c385f1d4cd9c7cf1a98,94
2022-03-30 21:35:07,c6f297719e43380011e76ad6d070b7a27d4d1dce,94
2022-03-30 21:37:30,188bd17ff1f3e1d9c9ddd015c8765280e95ffb83,94
2022-03-30 21:39:31,45fc77d9266cd8101b2ab1e0487053db27b57ec2,94
2022-04-01 16:04:08,9f4f559f5946306b190a0195baf2700851a9eb36,94
2022-04-01 16:08:47,f70abe634a7a058ce35b11893002a97085515b6f,94
2022-04-08 17:53:28,56414782ca6c109f4c7c9d26418bf444468316db,94
2022-04-08 17:57:02,e3c014f9aa566c83efd482ce1cd0e5e25cdb6cf2,94
2022-04-08 18:02:45,5c0b9a6af334dcbb2814f4e004be2b2c8a389363,94
2022-04-08 18:03:06,19d7a0ef78f1f8a05f7be5f0e8d2192fd1d5e5e8,94
2022-04-08 18:05:19,5334e28f6e107e1b021bc9655e9a308c80826593,94
2022-04-11 13:11:37,411dbb37e2e37943b6282365049c2a8cee4ac9e6,94
2022-04-13 16:49:51,4dd14ed039aaab5edb50758edeaf0aacab3d1e5b,94
2022-04-13 17:03:22,2b8b47817a981b97a233420b5214f6ff9e771c35,94
2022-04-24 16:50:55,69f71b4d94006678a2463f76a4504208d195c367,94
2022-04-24 17:07:31,2ec11930951d91dfa9cf02ad80a7da33b9b919b6,94
2022-04-24 17:14:53,cb4f7425435c39a85c3ed17e395677597d9aaf31,94
2022-04-24 17:19:58,c395b13f9e9a691c6b23c68d5687ff052b7ada7e,94
2022-04-24 17:20:07,2b0b77cc1acb7381e990b17c881cb426c9ac75f5,94
2022-04-25 15:55:30,3fd24c1f6fa2b3a5b68fb87b0fc3453a352340e5,94
2022-04-25 16:03:29,ff6290d4c75d4d295a0ba28f2f0c417f7374eb0c,94
2022-04-28 15:59:40,ef7d01f0a03be512b22d2a28b5a4229fdc87ea9a,94
2022-04-28 15:59:47,918fc07dd95224f990c2f01ea301e8e581fefc7f,94
2022-04-28 16:32:31,ef6c2b9e4aee74098a1208b42ce432d7c82fc0d3,95
2022-04-28 16:35:49,a0bb10b8d299c446559b6f95dd599230edc457ac,95
2022-04-28 17:44:02,7b28a9057d6925ae408ef73a9f28e9906d9300b3,95
2022-04-28 17:46:41,50374e3cfe815acd24fd390c861561a0dd17bfbb,95
2022-04-28 17:48:05,f976d5bb88216e921a96998f767df31d7039e4ef,95
2022-05-02 16:11:07,8ddbad9ccdc176b9d57a4aff0076c1c58c455318,94
2022-05-02 16:29:38,a0aa8de6bc0d6da74707cb4d0c89bfc99e20c98f,94
2022-05-02 17:58:24,9158d3b0b8c282e6d8580b76fb5098002d4ec0d4,94
2022-05-02 18:11:56,2482cd4f53985436936b13533c1bcd0b09930768,94
2022-05-03 17:52:11,1e5dd430223369d13ea94ffffe22bca53a98e730,95
2022-05-03 17:56:11,127df57a06ec7b1a8b698206b1bdefc93248de5a,95
2022-05-03 18:11:55,a74e266474f0981e9fc0d54d5dc430386823e4d7,95
2022-05-03 18:17:03,bd56d19b167822a9a23e2e9e2a07ccccc36baa8d,95
2022-05-04 13:03:31,11195f10838d84df0c5ab7158a99bbb94e34fc5a,94
2022-05-04 13:07:40,587a49c1bfbe54deb8b0f3324f43c626e537c471,94
2022-05-10 16:16:44,410a324ec43ca2793a0413d3cd32ca45311e3ff5,94
2022-05-10 16:19:03,b5c1a4f1f0507d41eff84e1083e61ed85a037e47,94
2022-05-10 16:28:43,2381044d04cdb058a526c0e27163b4d891d851ed,94
2022-05-10 16:35:05,e322f32e94ac97981cfc441cb1ae187580b41d37,94
2022-05-10 18:02:24,fdab801fbbd9de5adbdb3320ca4a1cb116c892f5,95
2022-05-11 16:22:19,542cf30e48881e9e206ec03c507335e5806d127d,95
2022-05-11 16:39:26,a25d234cdddf584528dd6af21db736b6faad27af,95
2022-05-12 20:29:54,eb5dd9f5ef255c578cbbe13c1cb4dd11389d5519,95
2022-05-12 20:45:37,5512a6688193758a24ef0b6825217030da9fed21,95
2022-05-12 23:33:40,fac630379d31baaa1667894c2b5613304285a4bb,95
2022-05-14 19:45:18,92acd05d9bd33419ab885e4472b28a1d5cc15d2e,95
2022-05-14 19:46:01,39f93632964ecabfcb9c1980e2add922098aad80,95
2022-05-14 19:50:37,00e2aac9371d94011279a6340ec3e7ecc86f097e,95
2022-05-15 15:48:30,69e2300608497bba103fd05735c878c0d642dd68,95
2022-05-15 15:54:26,ca8e6217fe450435e024bcff3082d2a37445f7e1,95
2022-05-23 16:09:12,a406c297aafa28074d11ec6fd27c246c70418cb4,95
2022-05-23 16:09:12,e044b00047da9bf94e7eb88049a17fe1dcf78f4e,95
2022-05-23 16:09:12,eb36135cfe6a17350617e47b70b9ad383206eded,95
2022-05-23 16:12:45,a52a7db6c9760adba6ceefa038b6ab69c207d7f9,95
2022-05-23 16:46:20,1232d698600e11dcb83bb5dc349ca785eae02d2f,95
2022-05-23 16:51:58,31aad113ff59337436e0308d467da31872f58f0a,95
2022-05-23 17:08:43,d506af1b1f27877f2101a20c6826e99f30427348,95
2022-05-23 17:08:52,1888df34405d46ac0e7524d0de9408e37449feaa,95
2022-05-23 17:16:45,9252be9c9ebe46dd6415b24999a869ed87eace57,95
2022-05-23 17:19:59,ab76703532939d0bbb6257abb9284eb229ed01d4,95
2022-05-23 17:42:51,c45c81938a1715eb4bdf9eaf6ac9d75becb8c191,95
2022-05-23 17:44:48,60ac0c509202b99ca9a5e3ea04addd93194ca5d0,95
2022-05-23 17:54:02,a4f63e0390e4f9aba543514d16479ce6f40e46be,95
2022-05-23 20:21:22,61f62e6005f72c44a90026e2589b6bc5234f2f24,95
2022-05-23 20:21:22,8cb950671f39c64707b6aaebfc60d7a8f1157da5,95
2022-05-23 20:56:19,83e96806492bd90c1f866617ec56b07f2a6691c0,95
2022-05-31 15:51:39,3ecebcdf8de02818cd409afd6edd39a09248b3ef,95
2022-05-31 16:10:36,c6e3fc8072cc33b5f2c67ddbb723e71f67c5e9a7,95
2022-06-01 18:23:09,21d32ee0672c69573303ac78ff308109b06c9c91,95
2022-06-01 18:27:08,9e2e1de2fcf185ee9ebe9a546f830792403c9160,95
2022-06-01 18:34:51,8c6f1d96ded2a22429b1ee7da6c3870cb140b587,95
2022-06-01 19:16:21,5d31ce1031e8ca24dc908c319567a76110edd87e,95
2022-06-01 23:10:31,696d7c620d97e78ea9ed8870380b5b302d9f9a01,95
2022-06-05 00:57:49,72cae9ce2b6a5a296b7328df8dd73240e14718e6,95
2022-06-05 22:43:53,81be290ec8889c157c84bc7ce857f883396c5daf,95
2022-06-05 22:44:28,3351a8677e5bd1e1b8cfe2860b73b3422cde4f31,95
2022-06-05 22:45:22,5e40aa22afb7d3809f9d9559edd9d152b7f7d025,95
2022-06-05 22:49:41,48766754b8e8a16bfb075229eaaf88643c958c4e,95
2022-06-05 22:54:08,fb89745408cc02515815c792355c7e883b2d08a4,95
2022-06-06 15:16:00,88bcf78439b66b5fcba9f4d3a1c56307f98dbf1d,95
2022-06-06 15:24:05,3ba37d2afe6511c3f3153248f7342174bea5b131,95
2022-06-06 16:17:53,b06df0a792ceb5506da47e0c8fea09902c1058f9,94
2022-06-06 16:26:53,c7f2ab8e7a512bd643bc640ce015bbe48e74e16e,94
2022-06-06 16:30:30,7a2d5fb6df1f2c066b94dd88686137353ada9cc6,95
2022-06-06 17:04:05,96c97dec095f204b8a557c5ea804afdd329e3c43,95
2022-06-06 17:11:00,aab1d9935e17e40104a28c89d4c669f7ab3cc579,95
2022-06-06 22:11:01,6e23239567efde1c2e272db87c53444d6c22a1bb,95
2022-06-06 22:33:46,bab5a65e6eaee20ac1706fc9439ee538f59e652f,95
2022-06-06 22:48:36,45174bf9a1e96e51ce589c7aa2c151249d1fdf11,95
2022-06-06 22:52:48,db3187fd7ab324d9175d8a1dd8c3919cec58d3b9,95
2022-06-08 14:30:29,6f6e3289da182593fb296da072049ade729adeea,94
2022-06-09 16:12:10,9934528c8f7e3aa6f4a1c800cba439e5425a5093,94
2022-06-09 16:24:26,ebc0d30dd1cf21b13569d65e4337d4706e3fd17e,94
2022-06-11 20:44:46,2f3c87dcb8492f082a2f3ece444773d9db30171b,94
2022-06-11 21:03:01,9398630a8f002b2d1729246846b167eaf1090b92,94
2022-06-11 21:16:51,dcd1a1e0b67cefc5e41d363dad5f57ef9668e965,95
2022-06-12 21:00:00,2ea77c278282f04a8a18c3ced88ef1e048f8ed4a,94
2022-06-12 21:03:55,b0a144d0c0acacab9d6cc7ced256d0e841ec8009,94
2022-06-12 21:10:51,9139af1c62a171555213c07fe41a2b8a7c2b26fc,95
2022-06-12 23:03:51,a9878c018bdecc377788204a3bc93497ec1f050a,94
2022-06-12 23:04:01,97298e06fe19298c3ff9d2e0ed9ba70bb3fda2c8,95
2022-06-13 13:08:45,9c50b8fc1ca160803f7368fc44f12591da856fd4,94
2022-06-15 19:45:22,4f03a769d44f6740490dd4ddf70e094c12a6090c,95
2022-06-15 21:09:56,aa801c431ad1f979bce3ea1afbd88e7796ebfd7e,95
2022-06-15 21:17:45,fe4003b3c998fde4c9ad8b2340f773f50079ede1,95
2022-06-17 15:19:55,99fa3c36abc03cd5b3407df34dce74e879ea377a,95
2022-06-17 16:26:26,ab1fbef29a073fe5950ea2357f6a3a0d280eb506,95
2022-06-17 16:30:28,ae547270e935b08d4deada9e28b049ff53debefe,95
2022-06-17 18:52:01,c9e000b9cea2e117218d460874d86301fbb43c43,95
2022-06-17 18:57:22,cec5f74110a7369992be1651c24b695d9fe55ab3,95
2022-06-17 19:01:48,ed42e9292811a95f2a68e06a9ae50cb5872216a3,95
2022-06-17 19:05:19,7f2a0f4806e40fb5c139b5b20ca443948ce1f4dd,95
2022-06-18 18:25:05,762382e436062183b1e1fa6f3bda594090a452e7,95
2022-06-18 19:20:53,46433e9807a1c960d6b2bb0e125cf16a90167d97,95
2022-06-18 19:24:13,ab36542260c61f178b6e8f61312b706ac4c5f73e,95
2022-06-23 12:54:56,abcb6c96777794da1142b0117f8c57f95cba65b7,94
2022-06-23 13:00:33,f6be300c4284527f76f910fe0d6f07d72a10a52b,94
2022-06-28 13:24:46,64ab59817dedd7959b4b38d47403c86415f4a322,94
2022-06-28 13:27:24,0a01248b5cee9d47363207687660708d5ba3ee4b,94
2022-06-28 23:28:33,b46bfcfa63e3c7b32b66dd4870f1c8c17fe1cb46,94
2022-06-28 23:38:09,12d3f4fdf0b91a1b367dcda0421dfcd0774b6dd2,94
2022-06-30 04:19:28,5544d09477af3221d988ec18b086930c2d9e67cd,95
2022-06-30 04:21:52,3635583ce27f70a3d9efd1e2212d5efc1d256333,95
2022-07-01 16:05:52,2589328485f51ad17afda682dd84a83da4e4e38e,95
2022-07-01 16:45:43,57a95e82b7194f1809ac9f626140ab1e497e121f,95
2022-07-01 19:01:44,84c722044ad03f7f5384f5314c8350b3a13d8dfa,95
2022-07-01 19:35:24,6916697a982df775a66a1ac9971985e5fa213f2b,95
2022-07-01 20:32:50,96d39c87a803e3a92152787a12d09bbc149556ec,95
2022-07-01 20:44:31,9e686d93b69f0e73f801cc11a57839f4dfe2ca1a,95
2022-07-01 20:59:44,c2810ffdd2f2becbc37d35f63b69034b8b9ed5b8,95
2022-07-01 21:14:37,c99f07d3e4b463174d1b25cc813e2df76c182773,95
2022-07-03 04:02:00,ab6a8b0330845c80d661a748314691302ea7d8f7,94
2022-07-03 04:03:09,1626aff602e3316642e69927333041370095c321,95
2022-07-03 04:41:32,ca2bfbb0ac66fbbeeedbf6bbe317bee45cb23d29,95
2022-07-03 04:41:37,60b845ebabeb77e401186f4b83de21d3f9c6a9d7,95
2022-07-03 04:41:37,f8cb0b0dd5ea30729db6b131aeeb30915ea4860b,95
2022-07-03 04:48:06,559a8458c4187b3cc12b1ea5a92a393c7fbdc765,95
2022-07-04 15:35:36,50df54e4c7fb06df51a89d8f363e2997d2310449,95
2022-07-04 22:37:19,e9d0000fc152108948144def06b2ac84524bffcc,94
2022-07-04 22:55:54,e4c4fd57710097c7405f7b185b9048c1c8c72d3e,94
2022-07-05 00:03:08,d7482cd765351e7495bfce45f9fb55732e91ab3a,95
2022-07-06 09:47:50,9dfcb90c92e13f2d92cb723cb834b5e0d666a2f5,94
2022-07-06 12:33:05,cafe68e1edb8902f2dab977af9d848928ce1ecc6,94
2022-07-06 21:05:20,9b44bf2818d8e3cde422ad7f43fb33dfc6737289,95
2022-07-08 13:33:20,2f1d1d625697b9eca82dc8b2f46fff24dace63b1,95
2022-07-08 13:41:56,c757882808a7e4e29636e433463435a7eed5b952,95
2022-07-08 17:21:42,6751f68560bfa7c51133d2712830645ed551ace8,94
2022-07-08 17:28:01,94233fc8c07fdd11cf6b3309de8bb12368aa802a,94
2022-07-08 18:13:09,0b2f809f9b56861dae3ae5154d73b4afaf632a0a,95
2022-07-08 18:13:09,82c2e0366ce6b74a3786a64631ce58b85b3a7d4e,95
2022-07-08 18:13:09,89463cb77c7f3830c308cdfcc250255fd7377d01,95
2022-07-08 18:13:09,d597db67ded68d4aedf42b9d1d4570573fb79cd6,2
2022-07-08 18:13:09,e0dad454810dd081947d3ca2ff376c5096185698,95
2022-07-08 18:58:44,cbebdae698272eeea2739988ccce54b1f14a1a67,95
2022-07-08 19:02:18,979e0adbacfb3c5cc1ac678b4ef5373dadde83d3,95
2022-07-09 12:41:35,91044c4d769efa7f20455e1b70457a7da95c26d8,95
2022-07-09 12:44:52,5775d1e9b1a031c7bc3bf1463acb3289594ab3e4,95
2022-07-10 11:22:56,58ecacd271c2a07018cb6f65da164d4bed1e14ea,95
2022-07-10 11:36:55,4696156278c5d3f05fb09d1a605b6866b49ffbcb,95
2022-07-11 22:02:00,03b410066b96f63ba2a215750f881d5bebb78a29,95
2022-07-11 23:50:10,c356c6da5f25ba70bd53448ff1d1bf6ad6967fd5,95
2022-07-13 14:42:52,69f9845ef2da3051d74d4dade3e88ccf5b2ee3de,94
2022-07-13 16:55:00,67310ab49613be97a121053dfbbced14657b96eb,94
2022-07-13 20:39:51,7096b2c4b13660998ad9a7bc845c3e6c5779afaa,94
2022-07-13 20:45:42,58f3536a8f5dfc18e559c518ae38cba52bec90a9,94
2022-07-13 20:50:05,a7859c6947ffc3e74007c23646cf74518230f0fb,94
2022-07-13 20:51:42,134aebe60115716b962a95a0dd31bf72c5417941,94
2022-07-13 20:54:33,187d7179f605d28c3d24e9f4d65d3295fb099afe,94
2022-07-13 20:58:07,48fe96588c5318be34c843233ada92c7787e720d,94
2022-07-13 21:02:50,4f01c68a4bcabf7dde010b7c602f2811aa89a852,94
2022-07-13 21:03:01,76a6b4f2b56bebf1262377ba5b39b7951155b54d,94
2022-07-14 21:15:05,4bf7415a9692b0c1a69cd50a17c1cbda4a75931b,94
2022-07-14 21:17:38,900e11850a201717599fb12fb7cd76c37078206d,94
2022-07-25 01:42:11,add53e190cf90b01b37914f810a370a0cd681800,94
2022-07-25 02:35:28,2869ddf50ce8dbf590a5a6992ffc7bbd096884a3,94
2022-07-25 02:36:31,363be75e8401350d4f1b131723991d382fce83c6,94
2022-07-25 02:37:30,02a08512527f997e43d1c01d03d4d473cab3b239,94
2022-07-25 14:35:17,095651be9eec58ddb0c2eb6158318b1c703c67c5,94
2022-08-01 17:34:13,5d8e35653fca0d7ee01519d556c7851089de82ea,94
2022-08-01 17:44:31,633f421031c9c18b56177b0d42adcb505b4627b1,94
2022-08-01 17:52:12,7d53a129cf1b28f1a88491ae50877473b68bdb54,94
2022-08-01 17:56:14,3e5ca2902e1de0ceb8dc83d087274db61070b17d,94
2022-08-01 18:39:31,4c08e3a2ba3d42fbee63577bceedfe325f51b81d,94
2022-08-01 22:11:21,ef95998d79eed3b8350d8db825e3d98f25c179f2,94
2022-08-01 22:11:35,30427a209043bfb9730904e0c34b0dbc40bd21f4,94
2022-08-01 22:19:16,98ca00d54532bfdf858fe663f8fb3cc260c2048b,94
2022-08-01 23:18:11,6f9ef112865eae12684aa74924ee08504044a62d,94
2022-08-01 23:58:55,bfdd37110c67ebeb42061fb43cf684b05291241f,94
2022-08-02 00:04:12,cfd5783a984c81828e79641b5d761a56633fa0e8,94
2022-08-02 00:07:27,ac1bb97679f2b778bd89580fac2f461ff77c716a,94
2022-08-02 00:07:58,f3bb9b25665d5d141d899979116ad62d771815cc,94
2022-08-02 00:09:49,292c7e5c5db14824a23bbd6fdfe69f62015aee20,94
2022-08-02 00:12:09,b17bb9ed563ab2857c0db9a07ec4e6407404c7be,94
2022-08-02 00:46:38,01dec1889127a3fc09eaa0dac905559740842992,94
2022-08-02 00:46:58,cb4ee201179f7c414fbcd02145a1147f2793fa46,94
2022-08-03 13:47:31,9a1b25fce4ddd553d7cba01bab3df5841a24aeff,94
2022-08-03 16:22:03,714ccefeca33db9e87e8ef4abd0008af05c32a4d,93
2022-08-03 17:02:18,723a3a6ffdb2c84eb7883d0852ec7d41fed751c0,93
2022-08-03 23:39:35,0d87b22314d7d0f1a0aa6c3be340095412f6637e,93
2022-08-03 23:40:28,52c54b2ce1e392c5d5cd9339a4a069e91edd1d01,93
2022-08-03 23:51:22,85f79e1a2360c3589b228410c39e208b8514b5b9,93
2022-08-04 00:09:43,21aaf0ef9a21bfb8f27fdc74072a09803d9ab6fd,93
2022-08-04 14:21:17,4984753dbf5a247f46e2903011c981d0709973ff,93
2022-08-04 14:24:20,a6a7a57380cd8f7410753c3b819ba6d09198d8c9,93
2022-08-04 14:27:50,45b2c99c1f6a884376d54bbb25223edad65596c5,93
2022-08-04 14:33:17,795d3e25aae40031ec9021f08aba54fe7a5b5e5a,93
2022-08-05 18:28:22,a0458efef6c8a5669bb6e78044a290bf560f962b,93
2022-08-05 18:29:39,e3df23374cdb9342a823556170c53c9d987d0d33,93
2022-08-05 18:35:15,e3eaafb56e3914676755fce6f67256599fb3fc64,93
2022-08-05 18:35:36,87584e89fe65dfb76654ba65360d0b3ce32d44e2,93
2022-08-08 17:27:57,6ab3cb8d0cb1fa28dd2e0118c07e481720bd684a,93
2022-08-08 17:28:08,c779ac4f5f9046ce614c7ea30dee4838541b84b5,93
2022-08-08 23:14:00,de16718b39e3544688130339a0813997e3790c48,93
2022-08-08 23:19:32,e9af7c23ae19fcc50781b7711f4672c113636892,93
2022-08-08 23:21:40,43d2fff317aec64a000604a764b8ab2dc751c753,93
2022-08-08 23:24:25,a1c478bc93d3dc018a6e7a1ba3cf5409553c9df3,93
2022-08-08 23:28:50,36af821edf741562cdcb6c60d63f23fa9a1d8776,93
2022-08-09 07:48:02,00b07c863ec147256b68f71c3fe9b6b2f9dbe6bc,93
2022-08-09 08:45:02,22b6296830113827810d4e89c634f8153020f097,93
2022-08-09 14:03:39,5b2e9e946bd1e024795d54b9daa489ead6b7a995,93
2022-08-09 14:08:08,062a096f4056c78956a6d12d2a04f2cef5180af6,93
2022-08-13 02:08:11,77cdefcceeb90e261977493318bc8e71c5b15c33,93
2022-08-13 02:22:10,b0b27785ae2a94bb41a9750ae9a0aaea8ae2dc35,93
2022-08-15 14:29:34,1d07857b1ddd2c0aef6d09436b307eb7abfdbd39,93
2022-08-15 14:34:50,d94634b1beaf81afea662692874fdaa4c8a6bd89,93
2022-08-15 19:37:11,2d3f72574dcb9026c3fed6b68568351a4b18a69a,93
2022-08-17 16:00:25,86bf3f205feaa86e149674cd0f23a14f3e5c2e22,93
2022-08-17 16:24:58,e0c157f7ee99bde3376e456a914bb07260eb6017,93
2022-08-21 14:24:03,746455d1038fd5479f396cbf2d19b48edfeb8290,93
2022-08-21 14:56:09,56a95f6ff6b14d26a8aad124bf08484e2b4be21f,93
2022-08-22 16:00:33,212b72a1feeae69739fb50fc5ab11d1c025350bc,93
2022-08-22 16:05:52,00bdc2b448a10c690b159d778391fe23852cfc08,93
2022-08-27 13:03:46,ce6ad90ecf79daf759e177e0403f27c469c7f6a8,93
2022-08-27 13:04:55,73b9bacbf7e7440e5a8a65e61fecfe3d0ce75579,93
2022-09-02 15:52:13,e7b2ce9a50c4a3a1ff5d032f201ed43d8cd39f17,93
2022-09-02 15:53:04,00be8d24ac3a2a68f35011001e3b0b0550501afd,93
2022-09-07 19:07:20,8811ae037a70621fdca8b109d155ff4aed0eb662,93
2022-09-11 13:33:44,7c01fbcd06c5d86c20bdc893a8caaba7ccb888f9,93
2022-09-11 13:33:56,c34c84b69085e6bce67d0701b8f8ba3145f42ff2,93
2022-09-14 13:07:20,2c7877123880d44f5d964c7370ed5dd4dbc45ad2,93
2022-09-14 13:08:38,9c3deeee963e62dfb60c9343fad4ec2ec752fdba,93
2022-09-18 11:53:47,0d8c8ba71bc6362e6ea9af08146dc97e1a0a8abc,93
2022-10-03 23:30:28,c7da6d74a89753405203e2ee7d19dda74b38b493,93
2022-10-05 01:12:13,75e92090ee43642ad0608edc8bc5d4dc5e84dec8,93
2022-10-05 03:09:06,3dc6db9d0cfddcfb971c382b014bb56ac3761d3c,93
2022-10-19 14:16:04,e7c82f9c47083b513b1f1b4cbc383c82c3084669,93
2022-10-30 14:45:33,5dfd2126a6d5210096ec6ba1ead471b79dc8bd17,93
2022-10-30 14:55:51,cc66213e579d6b35d9951c21b685d0078f373c44,93
2022-10-30 15:00:37,2a54cfa5cecf4dd9f17525bf3ebae4d33a155776,93
2022-11-01 00:06:23,9daddd12719a098ff33556fcc34c0b7cf33120ca,93
2022-11-01 01:41:21,35c6595202c7b46a7d2a082e44250e3bfbe1aa41,93
2022-11-08 04:38:32,9f99425aaf3433c892d0aeb941427f0766b02e2d,93
2022-11-25 15:39:54,d178653b5f7a5ee2ba15e215ce60caeeb9ed82e1,93
2022-11-25 15:43:46,618fdc86000d161d29bd8de70f998780474cfa28,93
2022-11-25 15:51:37,066a35dd322f689ec07d7c0e82b19eacadac3c6b,93
2022-11-27 09:51:09,d951a763fb90ff3edb5aede5198198ee5d30d44e,93
2022-11-27 12:10:14,9a294a640141ea8ab108e5c0964d75d91a636c0a,93
2022-11-27 14:50:46,29697fffb4cf4d2f2eafae8ca6c049d530cde1a1,93
2022-11-27 14:51:08,b5ec83b6970fe94450310d8fecd811a22d6287a7,93
2022-12-06 00:34:53,3e932aa103661e78a0946e15f35b9f4da3908d39,93
2022-12-10 05:42:03,3d4acf0ca07b8c513bac1f43c25b870ff6c071c9,93
2022-12-13 21:27:38,95b666871c7a89f2793952ea06d1c45e0ae5a38a,93
2022-12-14 00:36:49,dcdcac2f3a48d992a94dcc4598dccbd612dae099,93
2022-12-22 13:28:18,43ef559de3ecb1915aabe8156f357d7ac4cd22b3,93
2022-12-22 13:48:45,d36a379a0fa1f83e539da6f305c7fbaa9122e886,93
2022-12-24 17:22:37,43bc7330cece1dbe75e7d6c326a0dea8d5652699,93
2022-12-24 17:22:37,8e3128b9893ba4ec8d120e1c2f479f61bd10a476,93
2022-12-24 17:25:43,1373f70dc648f9f16032ea1e9b13f3fb59a8f612,93
2022-12-24 17:31:23,1a68768e6b0aa19bd670ca050ad81adff55ba479,93
2022-12-24 17:36:40,55cdb420a02e6d58386f37c748794e05aec0f2d2,93
2022-12-24 17:56:00,6fcf6d00bd36f7c3c51115199615dc93c4a3007a,93
2022-12-24 17:57:53,d8fe178aa635c8cc584fae86435824bd97595100,93
2022-12-24 18:03:47,677a0468481a0f620bdb217e8f1a24ebe94681e5,93
2022-12-24 18:07:46,d9e56c7f4b04b050b28cf90778f44dcb2e0287f4,93
2022-12-24 18:17:52,09112cfc477a270f4b2990e1daf39db1dbe30e98,93
2022-12-24 18:20:56,631b6dd54619f5e71134297e3daa9bdbd1bc123b,93
2022-12-24 18:21:59,7464e17c5e61a480b65ecff611cd7bb16f80266b,93
2022-12-24 18:27:20,79032ca5f1c4747e5aeaa193bdeb2e4eae410ea6,93
2022-12-24 22:04:48,4bc0e4943dfa637361aec2bb18dc9e1fabeaad12,93
2022-12-24 22:24:49,bd26928fdb2476fca62f0e621e8f2870250ac2bc,93
2022-12-24 22:28:21,229dcbb5ce3fd935974d923be84ad1bf9efb61e8,93
2022-12-24 22:31:07,910179f9b0999685f5594284f0dc1577392034bd,93
2022-12-29 17:51:34,4d69165ab6e17fa754139d348cdfd9edacbcb999,93
2022-12-29 17:51:58,eeebb5adc7bc30c79975dece8119b82ddc063130,93
2022-12-29 17:52:18,74e5263c88e51bb442879ab863a5d03292fc0a33,93
2023-01-01 16:01:00,bb1f83c26586f1aa254d67a67e6b692034b4cb4a,93
2023-01-03 15:24:17,fa1ee7066807c21256e90089731c548b313394d2,93
2023-01-04 16:19:52,d7b6c1f6703df405c69da45e7e0ba3d1aed512ce,93
2023-01-04 18:06:04,cabda5935322d75e7aedb3ee6d59fb7ab62bd674,93
2023-01-04 21:06:35,836866dc19218832cf02f8b04911060ac92bfc0b,93
2023-01-09 18:37:59,2a9d16d01189249749324141f0c294b31bf7ba6b,93
2023-01-09 18:42:14,4a0f658897dfcb86fad09d0411e74f0658ae72f1,93
2023-01-09 19:07:49,a7487701999fee55bb76a393e72c96ac8e277fcf,93
2023-01-09 19:11:02,8bfc0581e7b81240b3d672da73e9a0a2e848c3b3,93
2023-01-09 20:39:48,3812a52e96d8dd0630eb3263485bce6da5cda07c,93
2023-01-09 20:45:16,9da947a279d5ed5958609e0b6ec690160c496480,93
2023-01-18 18:32:51,261e4a6cf287180b69c4db407791e43ce90e50ad,93
2023-01-18 18:32:51,6d6d986fc502c2c24fe3db0ec0dbb062d053e068,93
2023-01-18 18:32:51,8f13f5b6d672f1ba434f9c8ebe2c1b1dd385962e,93
2023-01-18 18:38:38,78b42b9ac288c20c107a3b6779c322acb45be3d4,93
2023-01-19 14:35:15,3a35977d5fbcc424688d32154d250bc0bae918d6,93
2023-01-20 21:42:50,99b34f7148b77d4b1311593590629c2bc8e8e772,93
2023-01-20 21:45:15,0b4b61146ffca0f7dfc25f1b245df89442293335,93
2023-01-20 21:49:30,39fc0c6badd3e9d2537c7baa765d9cc80a8a8d47,93
2023-01-20 21:50:23,ef85270d9ada6d9b25beabb4602047fc91eef2f9,93
2023-01-23 15:01:49,d93760d8bd6e367faefe9ad550f753e32ef9a12d,93
2023-02-01 16:01:23,94a23a3e24b6736ca3b54773de0ce384270c457a,93
2023-02-01 16:01:30,74c256872b5f0be65e9f71b91a73ac4b02647298,93
2023-02-01 16:54:52,f8228910657f964f15f771e297be37e5a4c0a7b3,93
2023-02-01 16:55:09,88069bd417f5fd0e271a83768391a280267d2994,93
2023-02-02 16:57:38,9abe28130d4f0aff48b4f9931ebc15bd7617f19f,93
2023-02-02 17:01:03,f45bc5995cb33cb47afcd5f2683924e84ef01516,93
2023-02-02 17:01:21,3502cc951bc8b16ffb7fc90d8cecf059b214a167,93
2023-02-07 04:42:52,c1d01f69994e87489d04c3218a417f517ab6c88e,93
2023-02-07 04:43:02,a15da89dbb4be39be09ed7e5b57a22acfb117e6d,93
2023-02-07 15:11:50,dd2423ebdec3b58db0dea58897d321c7c629c1b3,93
2023-02-07 15:18:54,4ddb3f73baa5b60ed83d6bb48d0d447a0d8ab492,93
2023-02-09 02:38:57,428d9430bc69031150a8d50ac8af17cc8082ea4e,93
2023-02-09 02:44:10,761e02ef67f9c689d899325dbafb7afdf6e495c6,93
2023-02-09 18:50:42,dca8cf013b2c0086539697ae6e4515a1c819092c,93
2023-02-10 17:16:53,3f195248dcd59f8eb08e282b7980dc04b97d7391,93
2023-02-10 17:35:31,d5527264f0506504fd2fd400192c8f696ce6d979,93
2023-02-10 18:38:44,ab93222bd6d4ea26e3aa832a0409489530f3f5e0,93
2023-02-10 18:42:47,129568f7f4197bdcec9b8eb96f1f4d55f9519c83,93
2023-02-10 18:50:48,ba2b3094d1a8177059ea68853a48fcd5e90920fe,93
2023-02-10 18:53:02,f425c117e2a0309da7faa149090936733a65c57c,93
2023-02-10 22:48:02,a6cd8f212e762b8f70e00f3341b27799c0fb657a,93
2023-02-10 22:54:49,b945f988f94fd6f84fef31bd0bb668d71780f78b,93
2023-02-10 23:06:38,a18ae3d75271ead93d779f4c950ad5750684c0a0,93
2023-02-10 23:07:24,aa040c085c8c560616069f06c34cf796c10b05f1,93
2023-02-15 22:33:32,24df8fc89d5659d041b91b30a2ada9de49ec2264,93
2023-02-15 22:33:32,41d4f62909bb426c84e9d057151f7d734695320a,93
2023-02-15 22:44:24,6a392afbb6404236897ce7c0d02ac78b199e31bb,93
2023-02-15 22:48:09,ed5b240417414cbd0322efa95c91f759928ba154,93
2023-02-16 14:27:25,c4c7f504be222c3aca9062656498ec3c72e2b2ad,93
2023-02-16 14:27:41,604de4b1dc0729233704a08c32612c6f1221cccb,93
2023-02-23 16:35:16,6650764e9719402de2aaa6f321bdec587699c6b2,95
2023-02-23 16:45:38,1ee22e1736ffd12c2222cd6215ed04ec1592adaa,95
2023-02-23 16:55:01,9c02f07f9bb4c88207c2a6860742c452c35d2948,95
2023-02-23 16:59:37,704b68948f7bb94a3a4fa15e99243d4ed82081c5,95
2023-02-23 17:28:42,2a33c1785412075c09f9f55b3e25f2bc995ca461,95
2023-02-23 17:29:36,fc03d0dfab64945169e1114cdc1fb39519a1e0c1,95
2023-02-23 17:34:17,c690f529f28a8fd7ecdac90939944475613760a5,95
2023-02-23 18:05:57,4256fc63044fa0d9c2135443461689b1adaf386d,95
2023-02-23 18:59:28,4c288bc97ea371817199908d0d9b12de9dae327e,95
2023-02-23 19:10:21,b10b6d4af1127fdfb0a74221af0c020ced71fece,95
2023-02-23 19:13:18,2ad4d8d717dfe1e15b8205a825a5d3a8cb106acc,95
2023-02-23 23:58:21,736b5f9ff8564dee7e953987c7ef10c58146afa1,93
2023-02-23 23:58:29,5cdfeae2e82541577e17f5179d91775550e34ebd,95
2023-03-01 16:57:31,3cdcc729a73766bdb071b8b43a1d60971994db07,95
2023-03-01 16:57:34,b8eb83940cc46e1499f8e4194f688f193232eedb,95
2023-03-01 17:02:06,bc3ec352f0b41ff1123de3f2816c657012d7071f,95
2023-03-01 17:04:40,2f67e0fe4aca8a8d6998b3022150f1e6d6738214,95
2023-03-08 18:28:33,0bc6be604d465406c5909b13162e7097ab0ea2f8,93
2023-03-08 19:04:53,a5f30b157df2c62415a2d22758a1e4141ecdc9ed,93
2023-03-11 15:30:21,31022056aee5ab24cf485e31a0b48bbd52d96a04,93
2023-03-11 15:32:12,c83f661427a43cef50e202bcc61ced709248791e,93
2023-03-11 15:38:14,1432cddb139fc3cb64b990b8672d245d805e97d0,93
2023-03-11 15:41:19,e7f8ae016696a6224d1db5c121bcf0282d528da8,93
2023-03-11 16:19:22,c4b39ba2f3fede0555f18fc03b0f2499bb0d424b,93
2023-03-11 16:21:58,cac56a2b537d9ea4f4766d686f6a2f7639ad737a,93
2023-03-11 16:23:08,7ee9ceb71e868944a46e1ff00b506772a53a4f1d,95
2023-03-11 16:26:36,b8b410014d85f9861acc87c5f21c9a55a42d09c9,95
2023-03-11 16:34:56,7ed89d3f9d2207c9a607f5dcdce106c0278e1332,95
